"picklist_name";"picklist_value_name";"sortorderid"
"access_through_provider_portal";"View and delete";"1"
"access_through_provider_portal";"View only";"2"
"access_through_provider_portal";"Not visible";"3"
"accounts_available_taxes";"LBL_REGIONAL_TAX";"1"
"accounts_available_taxes";"LBL_GROUP_TAX";"2"
"accounts_status";"PLL_PROMISING_CLIENT";"1"
"accounts_status";"PLL_ACTIVE_CLIENT";"2"
"accounts_status";"PLL_SPECIAL_CLIENT";"3"
"accounts_status";"PLL_LOST_CLIENT";"4"
"accounts_status";"PLL_UNOBTAINED_CLIENT";"5"
"accounts_status";"PLL_INACTIVE_CLIENT";"6"
"accounts_status";"PLL_CLOSED_CLIENT";"7"
"accounts_status";"PLL_BLACKLISTED_CLIENT";"8"
"accounttype";"Analyst";"1"
"accounttype";"Competitor";"2"
"accounttype";"Customer";"3"
"accounttype";"Integrator";"4"
"accounttype";"Investor";"5"
"accounttype";"Partner";"6"
"accounttype";"Press";"7"
"accounttype";"Prospect";"8"
"accounttype";"Reseller";"9"
"accounttype";"Other";"10"
"action_customer_contact_result";"Customer Contact established";"2"
"action_customer_contact_result";"Customer Contact attempted";"3"
"activityregister_status";"PLL_DRAFT";"1"
"activityregister_status";"PLL_WAITING_FOR_ACCEPTANCE";"2"
"activityregister_status";"PLL_IN_REALIZATION";"3"
"activityregister_status";"PLL_COMPLETED";"4"
"activityregister_status";"PLL_CANCELLED";"5"
"activitytype";"Hearing";"2"
"activitytype";"Online meeting";"4"
"activitytype";"Pre-Trial Conference";"6"
"activitytype";"Google Calendar";"7"
"activity_view";"Today";"0"
"activity_view";"This Week";"1"
"activity_view";"This Month";"2"
"activity_view";"This Year";"3"
"adjuster_type";"Public";"1"
"adjuster_type";"Insurance Company";"2"
"all_eligibility_criteria_met";"Yes";"1"
"all_eligibility_criteria_met";"No";"2"
"all_eligibility_criteria_met";"Conditionally";"3"
"announcementstatus";"PLL_DRAFT";"1"
"announcementstatus";"PLL_FOR_ACCEPTANCE";"2"
"aob_status";"No AOB";"1"
"aob_status";"Bad AOB";"2"
"aob_status";"Good AOB";"3"
"appeal_status";"Apeeal Assigned to Outside Counsel";"1"
"appeal_status";"Notice of Appeal Filed";"2"
"appeal_status";"Appeal Granted";"3"
"appeal_status";"Appeal Denied";"4"
"appraisal_status";"Appraisal - Award Entered";"1"
"appraisal_status";"Appraisal - Demanded PROVIDER";"2"
"appraisal_status";"NOI - Appraisal Requested";"3"
"appraisal_status";"Appraisal - Demanded HOMEOWNER";"4"
"appraisal_status";"Appraisal - Inspect. Scheduled";"5"
"appraisal_status";"Appraisal- Inspect. Completed";"6"
"appraisal_status";"NOI - Appraisal Scheduled";"7"
"appraisal_status";"NOI - Appraisal Completed";"8"
"appraisal_status";"Appraisal was Awarded";"9"
"appraisal_status";"Appraisal - Demanded Insurance Company";"11"
"appraisal_status";"Appraisal - Umpire";"12"
"appraisal_status";"NOI Appraisal - Umpire";"13"
"appraisal_status";"Appraisal Award - Check Received";"14"
"appraisal_status";"Appraisal Awarded-AOB $ due to client";"15"
"approvals_register_status";"PLL_FOR_VERIFICATION";"1"
"approvals_register_status";"PLL_REJECTED";"3"
"approvals_status";"PLL_DRAFT";"1"
"approvals_status";"PLL_INACTIVE";"3"
"assetstatus";"PLL_DRAFT";"3"
"assetstatus";"PLL_WAITING_FOR_VERIFICATION";"4"
"assetstatus";"PLL_WAITING_FOR_ACCEPTANCE";"5"
"attorney_contract_on_file";"Yes";"1"
"attorney_contract_on_file";"No";"2"
"attorney_contract_on_file";"N/A";"3"
"attorney_type";"Plaintiff Attorney";"1"
"attorney_type";"Opposing Counsel";"2"
"attorney_type";"Co-counsel";"3"
"auditregister_status";"PLL_DRAFT";"1"
"auditregister_status";"PLL_WAITING_FOR_ACCEPTANCE";"2"
"auditregister_status";"PLL_IN_REALIZATION";"3"
"auditregister_status";"PLL_COMPLETED";"4"
"auditregister_status";"PLL_CANCELLED";"5"
"auditregister_type";"PLL_INTERNAL";"1"
"auditregister_type";"PLL_EXTERNAL";"2"
"authy_methods";"-";"1"
"authy_methods";"PLL_AUTHY_TOTP";"2"
"available_in_provider_portal";"Yes";"1"
"available_in_provider_portal";"No";"2"
"bankaccount_status";"PLL_DRAFT";"1"
"bankaccount_status";"PLL_ACTIVE";"2"
"bankaccount_status";"PLL_INACTIVE";"3"
"batch_task_status";"Pending";"1"
"batch_task_status";"Done";"2"
"batch_task_status";"Error";"3"
"batch_task_type";"Workflow";"1"
"batch_task_type";"Document Package";"2"
"batch_task_type";"Document Template";"3"
"batch_task_type";"Email Template";"4"
"buyback_status";"BB pending";"1"
"buyback_status";"BB applied";"2"
"buyback_status";"Cash BB pending";"3"
"buyback_status";"Cash BB applied";"4"
"callhistorytype";"Outgoing missed";"1"
"callhistorytype";"Outgoing received";"2"
"callhistorytype";"Incoming";"3"
"callhistorytype";"Missed";"4"
"callhistorytype";"Voicemail";"5"
"campaignstatus";"Planning";"1"
"campaignstatus";"Active";"2"
"campaignstatus";"Inactive";"3"
"campaignstatus";"Completed";"4"
"campaignstatus";"Cancelled";"5"
"campaigntype";"Conference";"1"
"campaigntype";"Webinar";"2"
"campaigntype";"Trade Show";"3"
"campaigntype";"Public Relations";"4"
"campaigntype";"Partners";"5"
"campaigntype";"Referral Program";"6"
"campaigntype";"Advertisement";"7"
"campaigntype";"Banner Ads";"8"
"campaigntype";"Direct Mail";"9"
"campaigntype";"Email";"10"
"campaigntype";"Telemarketing";"11"
"campaigntype";"Others";"12"
"cause_of_loss";"Accidental Discharge or Overflow of Water";"1"
"cause_of_loss";"Collapse";"2"
"cause_of_loss";"Falling Object";"3"
"cause_of_loss";"Fire";"4"
"cause_of_loss";"Hail";"5"
"cause_of_loss";"Hurricane";"6"
"cause_of_loss";"Sinkhole";"7"
"cause_of_loss";"Tornado";"8"
"cause_of_loss";"Tropical Storm";"9"
"cause_of_loss";"Water Intrusion";"10"
"cause_of_loss";"Water Intrusion and Mold";"11"
"cause_of_loss";"Wind";"12"
"cause_of_loss";"Wind and Hail";"13"
"claim_status";"Open";"1"
"claim_status";"Paid";"2"
"claim_status";"Closed";"3"
"claim_status";"Buyback";"4"
"client_signature";"Yes";"1"
"client_signature";"No";"2"
"cmileage_logbook_status";"PLL_DRAFT";"1"
"cmileage_logbook_status";"PLL_FOR_APPROVAL";"2"
"cmileage_logbook_status";"PLL_ACCEPTED";"3"
"cmileage_logbook_status";"PLL_CANCELLED";"4"
"collection_type";"Pre-Suit Voluntary";"1"
"collection_type";"Pre-Suit Settlement";"2"
"collection_type";"Attorney Fees";"3"
"collection_type";"Damages";"4"
"collection_type";"Other";"5"
"complaint_status";"Answer";"1"
"complaint_status";"Case Filed";"2"
"complaint_status";"LSOP Case - Pending Pmt";"3"
"complaint_status";"Complaint Printed";"4"
"complaint_status";"Complaint Printed in Peru Queue";"5"
"complaint_status";"Correction Queue - in Eportal";"6"
"complaint_status";"Dismissed - Failure to Appear PTC";"7"
"complaint_status";"Dismissed - Not Served";"8"
"complaint_status";"Ds Motion for Extension of Time to File Answer";"9"
"complaint_status";"FWOP - need to set aside";"10"
"complaint_status";"LSOP Case - Service Pending";"11"
"complaint_status";"LSOP Case Served";"12"
"complaint_status";"LSOP Package Prepared";"13"
"complaint_status";"Motion to Compel Answer";"14"
"complaint_status";"Motion to Dismiss Date";"15"
"complaint_status";"Motion to Set Aside Dismissal - Filed";"16"
"complaint_status";"Motion to Set Aside Dismissal - Hearing Set";"17"
"complaint_status";"Motion to Set Aside Dismissal- Prepared";"18"
"complaint_status";"Motion to Strike Aff. Defs.";"19"
"complaint_status";"Need to Reissue or Pay for Summons";"20"
"complaint_status";"Notice of Appearance";"21"
"complaint_status";"Order or Agreed Order to File Answer Date";"22"
"complaint_status";"Pending Filing";"23"
"complaint_status";"Possible Paid Prior to Filing";"24"
"complaint_status";"Pretrial Conference";"25"
"complaint_status";"Ps Motion to Set Aside Dismissal - Hearing";"26"
"complaint_status";"PTC";"27"
"complaint_status";"Ready for Filing";"28"
"complaint_status";"Summons - Executed";"29"
"complaint_status";"Summons - Reissued";"30"
"complaint_status";"Summons - Reissued Miami Dade";"31"
"complaint_status";"Summons Circuit Court Executed";"32"
"complaint_status";"Answer Overdue";"33"
"complaint_status";"Ds MFET (Answer)";"34"
"complaint_status";"Voluntary Dismissal w/o Prejudice - Re-file";"35"
"complaint_status";"Voluntary Dismissal w/o Prejudice - No Fees";"36"
"complaint_status";"Voluntary Dismissal w/ Prejudice";"37"
"complaint_status";"Amended Complaint - Addendum";"38"
"complaint_status";"Amended Complaint - Subrogation";"39"
"complaint_status";"2nd Amended Complaint - Subrogation";"40"
"complaint_status";"MTD Denied";"41"
"complaint_status";"MTD granted with leave to amend";"42"
"complaint_status";"MTD granted with prejudice";"43"
"complaint_status";"FIGA - Litigation Stay";"44"
"complaint_status";"Court Ordered Stay-Appraisal";"45"
"complaint_status";"Stay of Litigation";"46"
"complaint_status";"Arbitration Lost-Judgment for Defendant";"47"
"complaint_status";"Default Judgment Entered";"48"
"complaint_status";"Case Closed-Plaintiff to pay Fees/Costs";"49"
"complaint_status";"Voluntary Dismissal w Prejudice-Mutual Walk Away";"50"
"complaint_status";"Withdrew as Counsel";"51"
"complaint_status";"No Longer Attorney-Attorney Lien Filed";"52"
"complaint_status";"Motion to Withdraw As Counsel Filed";"53"
"complaint_status";"Voluntary Dismissal w/o Prejudice-Recover in HOS";"54"
"complaint_status";"Confession of Judgment Granted";"55"
"complaint_status";"Defendant's Motion for Judgment on the Pleadings Granted with Prejudice";"56"
"complaint_status";"Defendant's Motion for Summary Judgment Granted";"57"
"complaint_status";"Plaintiff's Motion for Rehearing filed";"58"
"complaint_status";"Plaintiff's Motion for Summary Judgment Granted";"59"
"complaint_status";"Defendant's Motion for Fees/Costs Filed";"60"
"complaint_status";"Plaintiff's Motion for Fees/Costs Filed";"61"
"complaint_status";"Appeal Filed";"62"
"complaint_status";"Appeal Lost";"63"
"complaint_status";"Defendant's Motion to Dismiss Granted Without Prejudice-No Leave to Amend";"64"
"complaint_status";"Plaintiff's Motion for Reconsideration Filed";"65"
"complaint_status";"Plaintiff's Motion for New Trial";"66"
"complaint_status";"Trial Lost at Directed Verdict";"67"
"complaint_status";"Trial Lost by Jury Verdict";"68"
"complaint_status";"Trial won";"69"
"complaint_status";"Dismissed at FWOP Hearing";"70"
"conducted_by";"FLINSLAW";"1"
"conducted_by";"Outside";"2"
"confirmed_with_attorney";"Yes";"1"
"confirmed_with_attorney";"No";"2"
"contactstatus";"Active";"1"
"contactstatus";"Inactive";"2"
"contacts_status";"New";"1"
"contacts_status";"Contacted";"2"
"contacts_status";"Converted to Lead";"3"
"contacts_status";"Not Interested";"4"
"contact_type";"TBD";"1"
"contract_priority";"Low";"1"
"contract_priority";"Normal";"2"
"contract_priority";"High";"3"
"contract_status";"Undefined";"1"
"contract_status";"In Planning";"2"
"contract_status";"On Hold";"4"
"contract_status";"Archived";"6"
"contract_type";"Support";"1"
"contract_type";"Services";"2"
"contract_type";"Administrative";"3"
"court_type";"Circuit";"1"
"court_type";"County";"2"
"court_type";"SEVENTH JUDICIAL CIRCUIT";"3"
"court_type";"EIGHTEENTH JUDICIAL CIRCUIT";"4"
"court_type";"SECOND JUDICIAL CIRCUIT";"5"
"court_type";"TWENTIETH JUDICIAL CIRCUIT";"6"
"court_type";"FIFTEENTH JUDICIAL";"7"
"court_type";"NINTH JUDICIAL CIRCUIT";"8"
"court_type";"TWENTIETH JUDICIAL";"9"
"court_type";"BROWARD COUNTY";"10"
"court_type";"FIRST JUDICIAL CIRCUIT";"11"
"court_type";"TWELFTH JUDICIAL CIRCUIT";"12"
"court_type";"SEVENTH JUDICIAL";"13"
"court_type";"TENTH JUDICIAL CIRCUIT";"14"
"court_type";"ELEVENTH JUDICIAL CURCUIT";"15"
"court_type";"FIFTEENTH JUDICIAL CIRCUIT";"16"
"court_type";"ELEVENTH JUDICIAL CIRUIT";"17"
"court_type";"EIGHTEENTH JUDICIAL";"18"
"court_type";"CIRCUIT COURT FOR THE FIFTH JUDICIAL CIRCUIT";"19"
"court_type";"SEVENTEENTH JUDICIAL CIRCUIT";"20"
"court_type";"THIRTEENTH JUDICIAL CIRCUIT";"21"
"court_type";"IN THE COUNTY COURT OF THE FIFTH JUDICIAL CIRCUIT";"22"
"court_type";"FIFTH JUDICIAL CIRCUIT";"23"
"court_type";"ELEVENTH JUDICIAL CIRCUIT";"24"
"court_type";"FOURTEENTH JUDICIAL";"25"
"court_type";"NINETEENTH JUDICIAL CIRCUIT";"26"
"court_type";"FIRST JUDICIAL";"27"
"court_type";"FOURTH JUDICIAL CIRCUIT";"28"
"court_type";"SIXTH JUDICIAL CIRCUIT";"29"
"court_type";"FOURTEENTH JUDICIAL CIRCUIT";"30"
"court_type";"ELEVENTH JUDICIAL";"31"
"court_type";"NINTH JUDICIAL";"32"
"court_type";"THIRD JUDICIAL CIRCUIT";"33"
"court_type";"NINETEENTH JUDICIAL";"34"
"court_type";"EIGHTEENTH JUDICIAL CIRCUI";"35"
"court_type";"IN THE COUNTY COURT IN AND FOR BROWARD";"36"
"court_type";"EIGHT JUDICIAL CIRCUIT";"37"
"court_type";"TENTH JUDICIAL";"38"
"court_type";"FIFTH JUDICIAL";"39"
"court_type";"FOURTH JUDICIAL";"40"
"court_type";"THIRTEENTH JUDICIAL";"41"
"court_type";"SEVENTEENTH JUDICIAL";"42"
"court_type";"SIXTEENTH JUDICIAL";"43"
"currency_decimal_separator";".";"0"
"currency_decimal_separator";",";"1"
"currency_decimal_separator";"'";"2"
"currency_decimal_separator";" ";"3"
"currency_decimal_separator";"$";"4"
"currency_grouping_pattern";"123,456,789";"0"
"currency_grouping_pattern";"123456789";"1"
"currency_grouping_pattern";"123456,789";"2"
"currency_grouping_pattern";"12,34,56,789";"3"
"currency_grouping_separator";" ";"1"
"currency_grouping_separator";".";"2"
"currency_grouping_separator";",";"3"
"currency_grouping_separator";"'";"4"
"currency_grouping_separator";"$";"5"
"currency_symbol_placement";"$1.0";"0"
"currency_symbol_placement";"1.0$";"1"
"datasetregister_status";"PLL_DRAFT";"1"
"datasetregister_status";"PLL_WAITING_FOR_ACCEPTANCE";"2"
"datasetregister_status";"PLL_IN_REALIZATION";"3"
"datasetregister_status";"PLL_COMPLETED";"4"
"datasetregister_status";"PLL_CANCELLED";"5"
"dates_verified";"Yes";"1"
"dates_verified";"No";"2"
"date_format";"dd-mm-yyyy";"0"
"date_format";"mm-dd-yyyy";"1"
"date_format";"yyyy-mm-dd";"2"
"date_format";"dd.mm.yyyy";"3"
"date_format";"mm.dd.yyyy";"4"
"date_format";"yyyy.mm.dd";"5"
"date_format";"dd/mm/yyyy";"6"
"date_format";"mm/dd/yyyy";"7"
"date_format";"yyyy/mm/dd";"8"
"dayoftheweek";"Sunday";"1"
"dayoftheweek";"Monday";"2"
"dayoftheweek";"Tuesday";"3"
"dayoftheweek";"Wednesday";"4"
"dayoftheweek";"Thursday";"5"
"dayoftheweek";"Friday";"6"
"dayoftheweek";"Saturday";"7"
"defaultactivitytype";"Call";"1"
"defaultactivitytype";"Meeting";"2"
"defaulteventstatus";"Held";"2"
"defaulteventstatus";"Not Held";"3"
"default_record_view";"Summary";"1"
"default_record_view";"Detail";"2"
"default_search_operator";"PLL_FULLTEXT_BEGIN";"1"
"default_search_operator";"PLL_FULLTEXT_WORD";"2"
"default_search_operator";"PLL_CONTAINS";"3"
"default_search_operator";"PLL_STARTS_WITH";"4"
"default_search_operator";"PLL_ENDS_WITH";"5"
"defendant_deposition_status";"Plaintiff Depo - MPO Filed";"1"
"defendant_deposition_status";"Plaintiff Depo - MPO Hearing Set";"2"
"defendant_deposition_status";"Plaintiff Depo - Requested";"3"
"defendant_deposition_status";"Plaintiff Depo - Set";"4"
"defendant_deposition_status";"Engineer Depo - MPO Filed";"5"
"defendant_deposition_status";"Engineer Depo - MPO Hearing Set";"6"
"defendant_deposition_status";"Engineer Expert Depo - Requested";"7"
"defendant_deposition_status";"Engineer Expert Depo - Set";"8"
"defendant_deposition_status";"Ins Expert Depo - MPO Filed";"9"
"defendant_deposition_status";"Ins Expert Depo - MPO Hearing Set";"10"
"defendant_deposition_status";"Ins Expert Depo - Requested";"11"
"defendant_deposition_status";"Ins Expert Depo - Set";"12"
"defendant_deposition_status";"Insured Depo - MPO Filed";"13"
"defendant_deposition_status";"Insured Depo - MPO Hearing Set";"14"
"defendant_deposition_status";"Insured Depo - Requested";"15"
"defendant_deposition_status";"Insured Depo - Set";"16"
"defendant_deposition_status";"Pricing Expert Depo - MPO Filed";"17"
"defendant_deposition_status";"Pricing Expert Depo - MPO Hearing Set";"18"
"defendant_deposition_status";"Pricing Expert Depo - Requested";"19"
"defendant_deposition_status";"Pricing Expert Depo - Set";"20"
"defendant_deposition_status";"Depos Complete";"21"
"defendant_discovery_status";"1st Disco Set - Received";"1"
"defendant_discovery_status";"1st Disco Set - Response Pending Review";"2"
"defendant_discovery_status";"1st Disco Set - Ps MFET Filed";"3"
"defendant_discovery_status";"1st Disco Set - Ps MFET Hearing Set";"4"
"defendant_discovery_status";"1st Disco Set - Ds MTC Better Responses";"5"
"defendant_discovery_status";"1st Disco Set - Ds MTC Responses";"6"
"defendant_discovery_status";"1st Disco Set - Response Served";"7"
"defendant_discovery_status";"2nd Disco Set - Received";"8"
"defendant_discovery_status";"2nd Disco Set - Response Pending Review";"9"
"defendant_discovery_status";"2nd Disco Set - Ps MFET Filed";"10"
"defendant_discovery_status";"2nd Disco Set - Ps MFET Hearing Set";"11"
"defendant_discovery_status";"2nd Disco Set - Ds MTC Better Responses";"12"
"defendant_discovery_status";"2nd Disco Set - Ds MTC Responses";"13"
"defendant_discovery_status";"2nd Disco Set - Response Served";"14"
"defendant_discovery_status";"Expert Disco Set - Received";"15"
"defendant_discovery_status";"Expert Disco Set - Response Pending Review";"16"
"defendant_discovery_status";"Expert Disco Set - Ps MFET Filed";"17"
"defendant_discovery_status";"Expert Disco Set - Ps MFET Hearing Set";"18"
"defendant_discovery_status";"Expert Disco Set - Ds MTC Better Responses";"19"
"defendant_discovery_status";"Expert Disco Set - Ds MTC Responses";"20"
"defendant_discovery_status";"Expert Disco Set - Response Served";"21"
"defendant_msj_status";"Ds MSJ Denied";"1"
"defendant_msj_status";"Ds MSJ Granted";"2"
"defendant_msj_status";"Ds MSJ Received";"3"
"defendant_msj_status";"Ds MSJ Set for Hearing";"4"
"defendant_msj_status";"Ps Response to MSJ Drafted";"5"
"defendant_msj_status";"Ps Response to MSJ Filed";"6"
"defendant_mtd_status";"Ds MTD Received";"1"
"defendant_mtd_status";"Ds MTD Set for Hearing";"2"
"demand_based_off";"Total Bill Amount";"1"
"demand_based_off";"Adjusted Face Value";"2"
"demand_based_off";"HO Damages";"3"
"demand_based_off";"Provider Invoices";"4"
"demand_based_off";"Total Balance";"5"
"demand_based_off";"Adjusted Claim Balance";"6"
"demand_based_off";"HO Damages Balance";"7"
"demand_based_off";"Provider Invoices Balance";"8"
"demand_based_off";"Total Bill Amount less Collections";"9"
"demand_based_off";"Adjusted Face Value less Collections";"10"
"demand_based_off";"HO Damages less Collections";"11"
"demand_based_off";"Provider Invoices less Collections";"12"
"denial_reasons";"TBD";"1"
"documents_status";"Accepted";"1"
"documents_status";"Not accepted";"2"
"document_area";"Claims Management";"1"
"document_area";"Litigation";"2"
"document_area";"CMS";"4"
"document_area";"Document Templates";"5"
"document_area";"Provider Documents";"6"
"dry_logs";"Yes";"1"
"dry_logs";"No";"2"
"dry_logs";"N/A";"3"
"duration_minutes";"00";"0"
"duration_minutes";"15";"1"
"duration_minutes";"30";"2"
"duration_minutes";"45";"3"
"email_status";"To send";"1"
"email_status";"Sent";"2"
"email_template_priority";"1";"1"
"email_template_priority";"2";"2"
"email_template_priority";"3";"3"
"email_template_priority";"4";"4"
"email_template_priority";"5";"5"
"email_template_priority";"6";"6"
"email_template_priority";"7";"7"
"email_template_priority";"8";"8"
"email_template_priority";"9";"9"
"email_template_type";"PLL_MAIL";"1"
"email_template_type";"PLL_RECORD";"2"
"employee_education";"Primary";"1"
"employee_education";"Secondary";"2"
"employee_education";"Higher";"3"
"employee_status";"Recruiting";"1"
"employee_status";"Employee";"2"
"employee_status";"Inactive";"3"
"end_hour";"00:00";"1"
"end_hour";"01:00";"2"
"end_hour";"02:00";"3"
"end_hour";"03:00";"4"
"end_hour";"04:00";"5"
"end_hour";"05:00";"6"
"end_hour";"06:00";"7"
"end_hour";"07:00";"8"
"end_hour";"08:00";"9"
"end_hour";"09:00";"10"
"end_hour";"10:00";"11"
"end_hour";"11:00";"12"
"end_hour";"12:00";"13"
"end_hour";"13:00";"14"
"end_hour";"14:00";"15"
"end_hour";"15:00";"16"
"end_hour";"16:00";"17"
"end_hour";"17:00";"18"
"end_hour";"18:00";"19"
"end_hour";"19:00";"20"
"end_hour";"20:00";"21"
"end_hour";"21:00";"22"
"end_hour";"22:00";"23"
"end_hour";"23:00";"24"
"event_type";"Logged in";"1"
"event_type";"Tried to log in";"2"
"event_type";"Logged out";"3"
"event_type";"Reset password";"4"
"event_type";"Submited Claims";"5"
"event_type";"ERROR";"6"
"expectedresponse";"Excellent";"1"
"expectedresponse";"Good";"2"
"expectedresponse";"Average";"3"
"expectedresponse";"Poor";"4"
"fcorectinginvoice_status";"None";"1"
"final_status";"OPEN";"1"
"final_status";"CLOSED";"2"
"final_status";"Pending Review";"3"
"final_status";"Pending Merge";"4"
"final_status";"SETTLED";"5"
"final_status";"Buyback";"6"
"finvoicecost_paymentstatus";"PLL_AWAITING_PAYMENT";"1"
"finvoicecost_paymentstatus";"PLL_PARTIALLY_PAID";"2"
"finvoicecost_paymentstatus";"PLL_FULLY_PAID";"3"
"finvoicecost_status";"PLL_UNASSIGNED";"1"
"finvoicecost_status";"PLL_AWAITING_REALIZATION";"2"
"finvoicecost_status";"PLL_FOR_PROCESSING";"3"
"finvoicecost_status";"PLL_IN_PROGRESSING";"4"
"finvoicecost_status";"PLL_SUBMITTED_COMMENTS";"5"
"finvoicecost_status";"PLL_FOR_APPROVAL";"6"
"finvoicecost_status";"PLL_CANCELLED";"7"
"finvoicecost_status";"PLL_ACCEPTED";"8"
"finvoiceproforma_status";"None";"1"
"finvoice_status";"PLL_UNASSIGNED";"1"
"finvoice_status";"PLL_AWAITING_REALIZATION";"2"
"finvoice_status";"PLL_FOR_PROCESSING";"3"
"finvoice_status";"PLL_IN_PROGRESSING";"4"
"finvoice_status";"PLL_SUBMITTED_COMMENTS";"5"
"finvoice_status";"PLL_FOR_APPROVAL";"6"
"finvoice_status";"PLL_CANCELLED";"7"
"finvoice_status";"PLL_ACCEPTED";"8"
"fixed_assets_fuel_type";"PLL_DIESEL";"1"
"fixed_assets_status";"PLL_UNAVAILABLE";"1"
"fixed_assets_status";"PLL_AVAILABLE";"2"
"fixed_assets_status";"PLL_DEMAGED";"3"
"fixed_assets_status";"PLL_IN_USE";"4"
"fixed_assets_status";"PLL_UNDER_REPAIR";"5"
"fixed_assets_status";"PLL_PENDING_FOR_REPROCESSING";"6"
"fixed_assets_status";"PLL_PENDING_FOR_SALE";"7"
"fixed_assets_status";"PLL_REPROCESSED";"8"
"fixed_assets_status";"PLL_SOLD";"9"
"fixed_assets_type";"PLL_DEVICE";"1"
"fixed_assets_type";"PLL_MACHINE";"2"
"fixed_assets_type";"PLL_VEHICLE";"3"
"fixed_assets_type";"PLL_PROPERTY";"4"
"fixed_assets_type";"PLL_INVENTORY";"5"
"force_place_carrier";"Yes";"1"
"force_place_carrier";"No";"2"
"gender";"PLL_WOMAN";"1"
"gender";"PLL_MAN";"2"
"glacct";"300-Sales-Software";"0"
"glacct";"301-Sales-Hardware";"1"
"glacct";"302-Rental-Income";"2"
"glacct";"303-Interest-Income";"3"
"glacct";"304-Sales-Software-Support";"4"
"glacct";"305-Sales Other";"5"
"glacct";"306-Internet Sales";"6"
"glacct";"307-Service-Hardware Labor";"7"
"glacct";"308-Sales-Books";"8"
"having_email_status";"To send";"1"
"holidaysentitlement_year";"2020";"1"
"holidaysentitlement_year";"2019";"2"
"holidaysentitlement_year";"2018";"3"
"holidaysentitlement_year";"2017";"4"
"holidaysentitlement_year";"2016";"5"
"holidaysentitlement_year";"2015";"6"
"holidaysentitlement_year";"2014";"7"
"holidaysentitlement_year";"2013";"8"
"holidaysentitlement_year";"2012";"9"
"holidaysentitlement_year";"2011";"10"
"holidaysentitlement_year";"2010";"11"
"home_owner_signature";"Yes";"1"
"home_owner_signature";"No";"2"
"hour_format";"12";"1"
"hour_format";"24";"2"
"ho_attorney_confirmation_statu";"Pending";"1"
"ho_attorney_confirmation_statu";"Confirmed";"2"
"ho_attorney_confirmation_statu";"Rejected";"3"
"ho_att_confirm_statu";"Pending";"1"
"ho_att_confirm_statu";"Confirmed";"2"
"ho_att_confirm_statu";"Rejected";"3"
"ho_att_confirm_statu";"Partially";"4"
"ho_status";"Pre-litigation";"1"
"ho_status";"Other";"2"
"ho_status";"Active-In Litigation";"3"
"ho_status";"Cancelled";"4"
"ho_status";"SETTLED – PAYMENT PENDING";"5"
"ho_status";"SETTLED - PARTIALLY PAID";"6"
"ho_status";"SETTLED - PAID &amp; CLOSED";"7"
"ideasstatus";"Draft";"1"
"ideasstatus";"Proposition";"2"
"igdnc_status";"PLL_DRAFT";"1"
"igdnc_status";"PLL_IN_REALIZATION";"2"
"igdnc_status";"PLL_OBJECTIONS";"3"
"igdnc_status";"PLL_FOR_APPROVAL";"4"
"igdnc_status";"PLL_CANCELLED";"5"
"igdnc_status";"PLL_ACCEPTED";"6"
"igdn_status";"PLL_DRAFT";"1"
"igdn_status";"PLL_IN_REALIZATION";"2"
"igdn_status";"PLL_OBJECTIONS";"3"
"igdn_status";"PLL_FOR_APPROVAL";"4"
"igdn_status";"PLL_CANCELLED";"5"
"igin_status";"PLL_DRAFT";"1"
"igin_status";"PLL_IN_REALIZATION";"2"
"igin_status";"PLL_OBJECTIONS";"3"
"igin_status";"PLL_FOR_APPROVAL";"4"
"igin_status";"PLL_CANCELLED";"5"
"igrnc_status";"PLL_DRAFT";"1"
"igrnc_status";"PLL_IN_REALIZATION";"2"
"igrnc_status";"PLL_OBJECTIONS";"3"
"igrnc_status";"PLL_FOR_APPROVAL";"4"
"igrnc_status";"PLL_CANCELLED";"5"
"igrnc_status";"PLL_ACCEPTED";"6"
"igrn_status";"PLL_DRAFT";"1"
"igrn_status";"PLL_IN_REALIZATION";"2"
"igrn_status";"PLL_OBJECTIONS";"3"
"igrn_status";"PLL_FOR_APPROVAL";"4"
"igrn_status";"PLL_CANCELLED";"5"
"iidn_status";"PLL_DRAFT";"1"
"iidn_status";"PLL_IN_REALIZATION";"2"
"iidn_status";"PLL_OBJECTIONS";"3"
"iidn_status";"PLL_FOR_APPROVAL";"4"
"iidn_status";"PLL_CANCELLED";"5"
"incidentregister_status";"PLL_DRAFT";"1"
"incidentregister_status";"PLL_WAITING_FOR_ACCEPTANCE";"2"
"incidentregister_status";"PLL_IN_REALIZATION";"3"
"incidentregister_status";"PLL_COMPLETED";"4"
"incidentregister_status";"PLL_CANCELLED";"5"
"incidentregister_type";"PLL_INTERNAL";"1"
"incidentregister_type";"PLL_EXTERNAL";"2"
"industry";"Administration";"1"
"industry";"Construction Industry";"2"
"industry";"Education";"3"
"industry";"Power Industry";"4"
"industry";"Finance";"5"
"industry";"Trade";"6"
"industry";"Hotels and Restaurants";"7"
"industry";"Health Care";"8"
"industry";"Industry / Manufacturing";"9"
"industry";"Uniformed Services";"10"
"industry";"Transport & Logistics";"11"
"industry";"Technologies";"12"
"internal_tickets_status";"PLL_UNASSIGNED";"1"
"internal_tickets_status";"PLL_AWAITING_REALIZATION";"2"
"internal_tickets_status";"PLL_FOR_PROCESSING";"3"
"internal_tickets_status";"PLL_IN_PROGRESSING";"4"
"internal_tickets_status";"PLL_SUBMITTED_COMMENTS";"5"
"internal_tickets_status";"PLL_FOR_APPROVAL";"6"
"internal_tickets_status";"PLL_CANCELLED";"7"
"internal_tickets_status";"PLL_ACCEPTED";"8"
"in_good_standing";"Yes";"1"
"in_good_standing";"No";"2"
"ipreorder_status";"PLL_DRAFT";"1"
"ipreorder_status";"PLL_IN_REALIZATION";"2"
"ipreorder_status";"PLL_OBJECTIONS";"3"
"ipreorder_status";"PLL_FOR_APPROVAL";"4"
"ipreorder_status";"PLL_CANCELLED";"5"
"istdn_status";"PLL_DRAFT";"1"
"istdn_status";"PLL_IN_REALIZATION";"2"
"istdn_status";"PLL_OBJECTIONS";"3"
"istdn_status";"PLL_FOR_APPROVAL";"4"
"istdn_status";"PLL_CANCELLED";"5"
"istn_status";"PLL_DRAFT";"1"
"istn_status";"PLL_IN_REALIZATION";"2"
"istn_status";"PLL_OBJECTIONS";"3"
"istn_status";"PLL_FOR_APPROVAL";"4"
"istn_status";"PLL_CANCELLED";"5"
"istrn_status";"PLL_DRAFT";"1"
"istrn_status";"PLL_IN_REALIZATION";"2"
"istrn_status";"PLL_OBJECTIONS";"3"
"istrn_status";"PLL_FOR_APPROVAL";"4"
"istrn_status";"PLL_CANCELLED";"5"
"is_aaa";"Yes";"1"
"is_aaa";"No";"2"
"is_aaa";"True";"3"
"is_aaa";"False";"4"
"is_criteria_met";"Yes";"1"
"is_criteria_met";"No";"2"
"is_criteria_met";"Conditionally";"3"
"is_criteria_met";"N/A";"4"
"is_phone_confirmed";"Yes";"1"
"is_phone_confirmed";"No";"2"
"knowledgebase_status";"PLL_DRAFT";"1"
"knowledgebase_status";"PLL_IN_REALIZATION";"2"
"knowledgebase_status";"PLL_OBJECTIONS";"3"
"knowledgebase_status";"PLL_FOR_APPROVAL";"4"
"leadsource";"Cold Call";"1"
"leadsource";"Self Generated";"2"
"leadsource";"Conference";"3"
"leadsource";"Trade Show";"4"
"leadsource";"Web Site";"5"
"leadsource";"Word of mouth";"6"
"leadsource";"Magento";"7"
"leadsource";"Other";"8"
"leadstatus";"PLL_TO_REALIZE";"2"
"leadstatus";"PLL_IN_REALIZATION";"3"
"leadstatus";"PLL_CONTACTS_IN_THE_FUTURE";"4"
"leadstatus";"PLL_INCORRECT";"5"
"leadstatus";"PLL_LEAD_UNTAPPED";"6"
"leadstatus";"PLL_LEAD_ACQUIRED";"7"
"leads_relation";"PLL_B2C";"1"
"leads_relation";"PLL_B2B";"2"
"leads_status";"Application received";"1"
"leads_status";"Application sent";"2"
"leads_status";"Application Unresponsive";"3"
"leads_status";"New";"4"
"leads_status";"Proposal accepted";"5"
"leads_status";"Proposal preparation";"6"
"leads_status";"Proposal rejected by Lead";"7"
"leads_status";"Proposal rejected by us";"8"
"leads_status";"Proposal sent";"9"
"legal_form";"PLL_BUSINESS_ACTIVITY";"2"
"legal_form";"PLL_GENERAL_PARTNERSHIP";"3"
"legal_form";"PLL_PROFESSIONAL_PARTNERSHIP";"4"
"legal_form";"PLL_LIMITED_PARTNERSHIP";"5"
"legal_form";"PLL_JOINT_STOCK_PARTNERSHIP";"6"
"legal_form";"PLL_LIMITED_LIABILITY_COMPANY";"7"
"legal_form";"PLL_STOCK_OFFERING_COMPANY";"8"
"legal_form";"PLL_GOVERMENT_ENTERPRISE";"9"
"legal_form";"PLL_ASSOCIATION";"10"
"legal_form";"PLL_COOPERATIVE";"11"
"legal_form";"PLL_FOUNDATION";"12"
"legal_form";"PLL_EUROPEAN_PARTNERSHIP";"13"
"legal_form";"PLL_EUROPEAN_ECONOMIC_INTEREST_GROUPING";"14"
"legal_form";"PLL_EUROPEAN_COOPERATIVE";"15"
"legal_form";"PLL_EUROPEAN_PRIVATE_PARTNERSHIP";"16"
"legal_form";"PLL_EUROPEAN_RECIPROCAL_PARTNERSHIP";"17"
"legal_form";"PLL_EUROPEAN_ASSOCIATION";"18"
"legal_form";"PLL_UFCIITS";"19"
"license_type";"To Do Business";"1"
"license_type";"To Provide Services";"2"
"lien_status";"Lien Due";"1"
"lien_status";"Lien Submitted";"2"
"lien_status";"Lien Recorded";"3"
"lin_dimensions";"PLL_A";"1"
"lin_dimensions";"PLL_B";"2"
"lin_status";"PLL_IN_DEPARTMENT";"1"
"lin_status";"PLL_REDIRECTED_TO_ANOTHER_DEPARTMENT";"2"
"lin_status";"PLL_REDIRECTED_TO_ANOTHER_ADDRESSEE";"3"
"lin_status";"PLL_DESTOYED_UPON_ADDRESSEES_REQUEST";"4"
"lin_status";"PLL_DESTROYED_IN_ACCORDANCE_WITH_INTERNAL_PROCEDURES";"5"
"lin_status";"PLL_RETURN_TO_SENDER";"6"
"lin_type";"PLL_REGULAR_LETTER";"1"
"lin_type";"PLL_REGISTERED_LETTER";"2"
"lin_type";"PLL_REGULAR_PARCEL";"3"
"lin_type";"PLL_LARGESIZE_PARCEL";"4"
"lin_type";"PLL_DOCUMENT";"5"
"lin_type";"PLL_RETURN";"6"
"lin_type";"PLL_POSTAL_ADVICE";"7"
"lin_type_doc";"PLL_DEMAND_PAYMENT";"1"
"lin_type_doc";"PLL_BANK_STATEMENTS";"2"
"lin_type_doc";"PLL_ORDER";"3"
"lin_type_doc";"PLL_ENQUIRY";"4"
"lin_type_doc";"PLL_CONTRACT";"5"
"lin_type_doc";"PLL_RECLAMATION";"6"
"lin_type_doc";"PLL_ADVERTISEMENT";"7"
"lin_type_doc";"PLL_MESSAGE";"8"
"lin_type_doc";"PLL_RECEIPT";"9"
"lin_type_doc";"PLL_APPLICATION";"10"
"lin_type_doc";"PLL_OFFER";"11"
"lin_type_doc";"PLL_PERSONAL_LETTER";"12"
"lin_type_doc";"PLL_PROFORMA";"13"
"lin_type_doc";"PLL_CORRECTION";"14"
"lin_type_doc";"PLL_INVOICE";"15"
"lin_type_ship";"PLL_LOCAL_PICKUP";"1"
"lin_type_ship";"PLL_POST_OFFICE_PL";"2"
"lin_type_ship";"PLL_POST_OFFICE";"3"
"lin_type_ship";"PLL_COURIER";"4"
"lin_type_ship";"PLL_TELEX";"5"
"lin_type_ship";"PLL_EMAIL";"6"
"lin_type_ship";"PLL_POCZTEX";"7"
"lin_type_ship";"PLL_TNT";"8"
"lin_type_ship";"PLL_COURIER_POCZTEX";"9"
"lin_type_ship";"PLL_COURIER_7";"10"
"lin_type_ship";"PLL_COURIER_DPD";"11"
"lin_type_ship";"PLL_COURIER_DHL";"12"
"lin_type_ship";"PLL_COURIER_UPS";"13"
"lin_type_ship";"PLL_COURIER_GLS";"14"
"litigation_status";"Pre-litigation";"1"
"litigation_status";"Other";"4"
"litigation_status";"Active-In Litigation";"5"
"litigation_status";"Cancelled";"6"
"litigation_status";"SETTLED – PAYMENT PENDING";"7"
"litigation_status";"SETTLED - PARTIALLY PAID";"8"
"litigation_status";"SETTLED - PAID &amp; CLOSED";"9"
"locationregister_status";"PLL_DRAFT";"1"
"locationregister_status";"PLL_WAITING_FOR_ACCEPTANCE";"2"
"locationregister_status";"PLL_IN_REALIZATION";"3"
"locationregister_status";"PLL_COMPLETED";"4"
"locationregister_status";"PLL_CANCELLED";"5"
"login_method";"PLL_PASSWORD";"1"
"login_method";"PLL_LDAP";"2"
"login_method";"PLL_PASSWORD_2FA";"3"
"lop_on_file";"Yes";"1"
"lop_on_file";"No";"2"
"lop_signed_by_client";"Yes";"1"
"lop_signed_by_client";"No";"2"
"lop_signed_by_ho";"Yes";"1"
"lop_signed_by_ho";"No";"2"
"lout_dimensions";"A";"1"
"lout_dimensions";"B";"2"
"lout_status";"PLL_NEW";"1"
"lout_status";"PLL_SETTLED";"2"
"lout_type_doc";"PLL_DEMAND_PAYMENT";"1"
"lout_type_doc";"PLL_BANK_STATEMENTS";"2"
"lout_type_doc";"PLL_ORDER";"3"
"lout_type_doc";"PLL_ENQUIRY";"4"
"lout_type_doc";"PLL_CONTRACT";"5"
"lout_type_doc";"PLL_RECLAMATION";"6"
"lout_type_doc";"PLL_ADVERTISEMENT";"7"
"lout_type_doc";"PLL_MESSAGE";"8"
"lout_type_doc";"PLL_RECEIPT";"9"
"lout_type_doc";"PLL_APPLICATION";"10"
"lout_type_doc";"PLL_OFFER";"11"
"lout_type_doc";"PLL_PERSONAL_LETTER";"12"
"lout_type_doc";"PLL_PROFORMA";"13"
"lout_type_doc";"PLL_CORRECTION";"14"
"lout_type_doc";"PLL_INVOICE";"15"
"lout_type_ship";"PLL_LOCAL_PICKUP";"1"
"lout_type_ship";"PLL_POST_OFFICE_PL";"2"
"lout_type_ship";"PLL_POST_OFFICE";"3"
"lout_type_ship";"PLL_COURIER";"4"
"lout_type_ship";"PLL_TELEX";"5"
"lout_type_ship";"PLL_EMAIL";"6"
"lout_type_ship";"PLL_POCZTEX";"7"
"lout_type_ship";"PLL_TNT";"8"
"lout_type_ship";"PLL_COURIER_POCZTEX";"9"
"lout_type_ship";"PLL_COURIER_7";"10"
"lout_type_ship";"PLL_COURIER_DPD";"11"
"lout_type_ship";"PLL_COURIER_DHL";"12"
"lout_type_ship";"PLL_COURIER_UPS";"13"
"lout_type_ship";"PLL_COURIER_GLS";"14"
"manufacturer";"AltvetPet Inc.";"1"
"manufacturer";"LexPon Inc.";"2"
"manufacturer";"MetBeat Corp";"3"
"mechanic_lien_conf_status";"Pending";"1"
"mechanic_lien_conf_status";"Confirmed";"2"
"mechanic_lien_conf_status";"Rejected";"3"
"mediation_arbitration_status";"Arbitration - Award Entered";"1"
"mediation_arbitration_status";"Arbitration - Deadline";"2"
"mediation_arbitration_status";"Arbitration - Mtn for Trial De Novo";"3"
"mediation_arbitration_status";"Arbitration - Set";"4"
"mediation_arbitration_status";"Mediaiton - Impasse";"5"
"mediation_arbitration_status";"Mediation - Deadline";"6"
"mediation_arbitration_status";"Mediation - Set";"7"
"mediation_arbitration_status";"Mediation - Settled";"8"
"mod_name";"Cases";"1"
"mod_name";"Claims";"2"
"mod_name";"Portfolios";"3"
"mod_name";"PortfolioPurchases";"4"
"mod_name";"Providers";"5"
"mod_name";"Documents";"6"
"mod_name";"OutsideCases";"7"
"mod_name";"Attorneys";"8"
"mod_name";"LawFirms";"9"
"mod_name";"BatchErrors";"10"
"mod_name";"LeadsDOT";"11"
"mod_name";"TexasCases";"12"
"mod_name";"Investors";"13"
"mtd_issue";"MTD bad AOB";"1"
"mtd_issue";"MTD no NOI or bad NOI";"2"
"mtd_issue";"MTD wrong party";"3"
"mulcomp_status";"PLL_ACTIVE";"1"
"mulcomp_status";"PLL_INACTIVE";"2"
"need_labs";"Yes";"1"
"need_labs";"No";"2"
"need_labs";"N/A";"3"
"notification_status";"PLL_UNREAD";"1"
"notification_status";"PLL_READ";"2"
"no_of_currency_decimals";"0";"0"
"no_of_currency_decimals";"1";"1"
"no_of_currency_decimals";"2";"2"
"no_of_currency_decimals";"3";"3"
"no_of_currency_decimals";"4";"4"
"no_of_currency_decimals";"5";"5"
"occurrences_rating";"1";"1"
"occurrences_rating";"2";"2"
"occurrences_rating";"3";"3"
"occurrences_rating";"4";"4"
"occurrences_rating";"5";"5"
"occurrences_status";"PLL_ACTIVE";"1"
"occurrences_type";"PLL_TRAINING_OPEN";"1"
"occurrences_type";"PLL_TRAINING_CLOSED";"2"
"occurrences_type";"PLL_CONFERENCE";"3"
"occurrences_type";"PLL_WORKSHOPS";"4"
"occurrences_type";"PLL_WEBINARS";"5"
"offer_based_off";"dummy field";"5"
"onboarding_status";"Pending Underwriting";"1"
"onboarding_status";"In Underwriting";"2"
"onboarding_status";"Missing Documents";"3"
"onboarding_status";"Pending Approval";"5"
"onboarding_status";"Approved";"6"
"onboarding_status";"Rejected";"7"
"onboarding_status";"Purchased";"8"
"onboarding_status";"Preapproved";"9"
"oproductstatus";"Active";"1"
"oproductstatus";"Inactive";"2"
"order_on_ds_mtd";"MTD Granted With Prejudice";"1"
"order_on_ds_mtd";"MTD Granted Without Prejudice-No Leave to Amend";"2"
"order_on_ds_mtd";"MTD Granted Without Prejudice-Leave to Amend Allowed";"3"
"ossdc_status";"None";"1"
"ossdc_status";"Checked";"2"
"osservicesstatus";"Active";"1"
"osservicesstatus";"Inactive";"2"
"ossmailview_sendtype";"Sent";"1"
"ossmailview_sendtype";"Received";"2"
"ossmailview_sendtype";"Internal";"3"
"osstimecontrol_status";"To approval";"2"
"otc_final_status";"OPEN";"1"
"otc_final_status";"CLOSED";"2"
"otc_final_status";"Pending Review";"3"
"otc_final_status";"Shifted to Cases";"4"
"package_type";"PDF";"1"
"package_type";"ZIP";"2"
"paymentsin_status";"PLL_CREATED";"1"
"paymentsin_status";"PLL_DENIED";"2"
"paymentsin_status";"PLL_PAID";"3"
"paymentsout_status";"Created";"1"
"paymentsout_status";"Denied";"2"
"paymentsout_status";"Paid";"3"
"payment_direction";"Incoming";"1"
"payment_direction";"Outgoing";"2"
"payment_method";"Check";"1"
"payment_method";"Wire transfer";"2"
"payment_methods";"PLL_TRANSFER";"1"
"payment_methods";"PLL_CASH";"2"
"payment_methods";"PLL_CASH_ON_DELIVERY";"3"
"payment_methods";"PLL_WIRE_TRANSFER";"4"
"payment_methods";"PLL_REDSYS";"5"
"payment_methods";"PLL_DOTPAY";"6"
"payment_methods";"PLL_PAYPAL";"7"
"payment_methods";"PLL_PAYPAL_EXPRESS";"8"
"payment_methods";"PLL_CHECK";"9"
"payment_system";"PLL_REDSYS";"1"
"payment_system";"PLL_DOTPAY";"2"
"pdss_payment_status";"To be paid";"2"
"pdss_payment_status";"Paid";"3"
"person_company";"Company";"1"
"person_company";"Person";"2"
"per_unit_cost_estimate";"Yes";"1"
"per_unit_cost_estimate";"No";"2"
"pfs_crn_57_105_status";"57.105 Received";"1"
"pfs_crn_57_105_status";"CRN Drafted";"3"
"pfs_crn_57_105_status";"CRN Filed";"5"
"pfs_crn_57_105_status";"CRN Ready";"6"
"pfs_crn_57_105_status";"PFS Received";"7"
"pfs_crn_57_105_status";"PROVIDER PFS Drafted";"9"
"pfs_crn_57_105_status";"PROVIDER PFS Ready";"10"
"pfs_crn_57_105_status";"PROVIDER PFS Served";"11"
"placeholder_category";"Email Address";"1"
"plaintiff_deposition_status";"Contractor Depo - Motion for Protective Order";"1"
"plaintiff_deposition_status";"Contractor Depo - MTC Filed";"2"
"plaintiff_deposition_status";"Contractor Depo - MTC Hearing Set";"3"
"plaintiff_deposition_status";"Contractor Depo - Requested";"4"
"plaintiff_deposition_status";"Contractor Depo - Set";"5"
"plaintiff_deposition_status";"CR Depo - Motion for Protective Order";"6"
"plaintiff_deposition_status";"CR Depo - MTC Filed";"7"
"plaintiff_deposition_status";"CR Depo - MTC Hearing Set";"8"
"plaintiff_deposition_status";"CR Depo - Requested";"9"
"plaintiff_deposition_status";"CR Depo - Set";"10"
"plaintiff_deposition_status";"Depos Complete";"11"
"plaintiff_deposition_status";"Engineer Depo - Motion for Protective Order";"12"
"plaintiff_deposition_status";"Engineer Depo - MTC Filed";"13"
"plaintiff_deposition_status";"Engineer Depo - MTC Hearing Set";"14"
"plaintiff_deposition_status";"Engineer Depo - Requested";"15"
"plaintiff_deposition_status";"Engineer Depo - Set";"16"
"plaintiff_deposition_status";"FA Depo - Motion for Protective Order";"17"
"plaintiff_deposition_status";"FA Depo - MTC Filed";"18"
"plaintiff_deposition_status";"FA Depo - MTC Hearing Set";"19"
"plaintiff_deposition_status";"FA Depo - Requested";"20"
"plaintiff_deposition_status";"FA Depo - Set";"21"
"plaintiff_deposition_status";"Insured Depo - Motion for Protective Order";"22"
"plaintiff_deposition_status";"Insured Depo - MTC Filed";"23"
"plaintiff_deposition_status";"Insured Depo - MTC Hearing Set";"24"
"plaintiff_deposition_status";"Insured Depo - Requested";"25"
"plaintiff_deposition_status";"Insured Depo - Set";"26"
"plaintiff_deposition_status";"Pricing Expert Depo - Motion for Protective Order";"27"
"plaintiff_deposition_status";"Pricing Expert Depo - MTC Filed";"28"
"plaintiff_deposition_status";"Pricing Expert Depo - MTC Hearing Set";"29"
"plaintiff_deposition_status";"Pricing Expert Depo - Requested";"30"
"plaintiff_deposition_status";"Pricing Expert Depo - Set";"31"
"plaintiff_discovery_status";"1st Disco Set - Ds MFET";"1"
"plaintiff_discovery_status";"1st Disco Set - Ds MFET Due Date";"2"
"plaintiff_discovery_status";"1st Disco Set - Ds MFET Hearing Set";"3"
"plaintiff_discovery_status";"1st Disco Set - MTC Better Responses";"4"
"plaintiff_discovery_status";"1st Disco Set - MTC Responses";"5"
"plaintiff_discovery_status";"1st Disco Set - Prepared";"6"
"plaintiff_discovery_status";"1st Disco Set - Response Received";"7"
"plaintiff_discovery_status";"1st Disco Set - Response Reviewed";"8"
"plaintiff_discovery_status";"1st Disco Set - Served";"9"
"plaintiff_discovery_status";"2nd Disco Set - Ds MFET";"10"
"plaintiff_discovery_status";"2nd Disco Set - Ds MFET Due Date";"11"
"plaintiff_discovery_status";"2nd Disco Set - Ds MFET Hearing Set";"12"
"plaintiff_discovery_status";"2nd Disco Set - Ds MFET Agreed Extension";"13"
"plaintiff_discovery_status";"2nd Disco Set - MTC Better Responses";"14"
"plaintiff_discovery_status";"2nd Disco Set - MTC Responses";"15"
"plaintiff_discovery_status";"2nd Disco Set - Prepared";"16"
"plaintiff_discovery_status";"2nd Disco Set - Response Received";"17"
"plaintiff_discovery_status";"2nd Disco Set - Response Reviewed";"18"
"plaintiff_discovery_status";"2nd Disco Set - Served";"19"
"plaintiff_discovery_status";"3rd Disco Set - Ds MFET";"20"
"plaintiff_discovery_status";"3rd Disco Set - Ds MFET Due Date";"21"
"plaintiff_discovery_status";"3rd Disco Set - Ds MFET Hearing Set";"22"
"plaintiff_discovery_status";"3rd Disco Set - MTC Better Responses";"23"
"plaintiff_discovery_status";"3rd Disco Set - MTC Responses";"24"
"plaintiff_discovery_status";"3rd Disco Set - Prepared";"25"
"plaintiff_discovery_status";"3rd Disco Set - Response Received";"26"
"plaintiff_discovery_status";"3rd Disco Set - Response Reviewed";"27"
"plaintiff_discovery_status";"3rd Disco Set - Served";"28"
"plaintiff_discovery_status";"3rd Disco Set - Ds MFET Agreed Extension";"29"
"plaintiff_discovery_status";"Discovery Complete";"30"
"plaintiff_discovery_status";"Expert Disco Set - Ds MFET";"31"
"plaintiff_discovery_status";"Expert Disco Set - Ds MFET Due Date";"32"
"plaintiff_discovery_status";"Expert Disco Set - Ds MFET Hearing Set";"33"
"plaintiff_discovery_status";"Expert Disco Set - Ds MFET Agreed Extension";"34"
"plaintiff_discovery_status";"Expert Disco Set - MTC Better Responses";"35"
"plaintiff_discovery_status";"Expert Disco Set - MTC Responses";"36"
"plaintiff_discovery_status";"Expert Disco Set - Prepared";"37"
"plaintiff_discovery_status";"Expert Disco Set - Response Received";"38"
"plaintiff_discovery_status";"Expert Disco Set - Response Reviewed";"39"
"plaintiff_discovery_status";"Expert Disco Set - Served";"40"
"plaintiff_discovery_status";"1st Disco Set - Ds MFET Agreed Extension";"42"
"plaintiff_discovery_status";"Request for Disco Update - Served";"43"
"plaintiff_discovery_status";"Request for Disco Update - Received";"44"
"plaintiff_msj_status";"Ds Response to MSJ Received";"1"
"plaintiff_msj_status";"Ps MSJ Denied";"2"
"plaintiff_msj_status";"Ps MSJ Drafted";"3"
"plaintiff_msj_status";"Ps MSJ Filed";"4"
"plaintiff_msj_status";"Ps MSJ Granted";"5"
"plaintiff_msj_status";"Ps MSJ Set for Hearing";"6"
"portfolio_purchase_status";"New";"1"
"portfolio_purchase_status";"Sent to Seller to be signed";"2"
"portfolio_purchase_status";"Purchased";"3"
"portfolio_purchase_status";"Funded";"4"
"portfolio_purchase_status";"Rejected";"5"
"portfolio_status";"New";"1"
"portfolio_status";"For approval";"2"
"portfolio_status";"Waiting for acceptance by Provider";"3"
"portfolio_status";"Open";"4"
"portfolio_status";"Closed";"5"
"portfolio_status";"Portfolio rejected";"6"
"portfolio_status";"Proposal rejected by Provider";"7"
"portfolio_status";"In Underwriting";"8"
"prelit_collection_type";"To be Filed";"1"
"prelit_collection_type";"Soft Collect";"2"
"prelit_collection_type";"To be Reviewed for Filing";"3"
"prelit_collection_type";"To be Reviewed for Closing";"4"
"pre_litigation_status";"10-Day Demand - Error";"1"
"pre_litigation_status";"10-Day Demand - Missing info";"2"
"pre_litigation_status";"10-Day Demand - Non-Conforming AOB";"3"
"pre_litigation_status";"10-Day Demand - Not Ripe";"4"
"pre_litigation_status";"10-Day Demand - Paid Through Client";"5"
"pre_litigation_status";"10-Day Demand - with Fees";"6"
"pre_litigation_status";"10-Day Demand - No Fees";"7"
"pre_litigation_status";"10-Day Demand - Paid Without Suit";"8"
"pre_litigation_status";"10-Day Demand - Partial Payment";"9"
"pre_litigation_status";"10-Day Demand - Payment Rcvd by Client";"10"
"pre_litigation_status";"10-Day Demand - Possible Payment Rcvd - Review";"11"
"pre_litigation_status";"10-Day Demand - Requested Mediation";"12"
"pre_litigation_status";"10-Day Demand - Resent NO AOB";"13"
"pre_litigation_status";"10-Day Demand - Sent";"14"
"pre_litigation_status";"10-Day Demand - Settled Awaiting Payment";"15"
"pre_litigation_status";"10-Day Demand Response - Denied (failure to cooperate)";"16"
"pre_litigation_status";"10-Day Demand Response - Offer pay in full";"17"
"pre_litigation_status";"10-Day Demand Response - Partial offer";"18"
"pre_litigation_status";"Apraissal - Paid and Closed";"21"
"pre_litigation_status";"Contact Pending";"22"
"pre_litigation_status";"Declined";"23"
"pre_litigation_status";"DO NOT FILE";"24"
"pre_litigation_status";"DO NOT FILE - Collect presuit only";"25"
"pre_litigation_status";"HOLD";"26"
"pre_litigation_status";"Mediation - Demanded";"27"
"pre_litigation_status";"Mediation - Settled &amp; Paid";"28"
"pre_litigation_status";"Mediation - Settled Awaiting Payment";"29"
"pre_litigation_status";"New Case Entered - HO";"30"
"pre_litigation_status";"New Case Entered - Missing info";"31"
"pre_litigation_status";"New Case Entered - Not Ripe";"32"
"pre_litigation_status";"NOI - Filed";"34"
"pre_litigation_status";"NOI - Information Requested";"35"
"pre_litigation_status";"NOI - Inspection Requested";"36"
"pre_litigation_status";"NOI – Mediation Requested";"37"
"pre_litigation_status";"NOI - Offer Made";"38"
"pre_litigation_status";"NOI - Resubmitted";"39"
"pre_litigation_status";"Presuit - Demand Sent";"40"
"pre_litigation_status";"Presuit - 2nd Demand Sent";"41"
"pre_litigation_status";"Presuit - 3rd Demand Sent";"42"
"pre_litigation_status";"Presuit - 4th Demand Sent";"43"
"pre_litigation_status";"Presuit - Settlement Negotiations";"44"
"pre_litigation_status";"Presuit - Fees Owed by Provider";"45"
"pre_litigation_status";"Presuit - Offer to Pay in Full";"46"
"pre_litigation_status";"Presuit - Paid and Closed";"47"
"pre_litigation_status";"Presuit - Paid No Fees";"48"
"pre_litigation_status";"Presuit - Partial Offer";"49"
"pre_litigation_status";"PRE-SUIT PARTIAL PAYMENT";"50"
"pre_litigation_status";"Presuit - Settlement with fees";"51"
"pre_litigation_status";"Pre suit: Settled by client - Pending Payment";"52"
"pre_litigation_status";"Pre suit: Settled by client - Paid";"53"
"pre_litigation_status";"Presuit - Error";"54"
"pre_litigation_status";"Review for Litigation";"55"
"pre_litigation_status";"Ready for Litigation";"56"
"pre_litigation_status";"Retainer Agreement - Pending";"57"
"pre_litigation_status";"Retainer Agreement - Received (LIT)";"58"
"pre_litigation_status";"Retainer Agreement - Received (PRE-SUIT)";"59"
"pre_litigation_status";"UNDECIDED";"60"
"pre_litigation_status";"Voluntary Payment in Full - 10% PROVIDER";"61"
"pre_litigation_status";"Voluntary Payment Offer - No fees";"62"
"pre_litigation_status";"SPOL - Request Received";"63"
"pre_litigation_status";"SPOL - Completed Received";"64"
"pre_litigation_status";"SPOL - Sent to Ins Co";"65"
"pre_litigation_status";"EUO Request Received - HO";"66"
"pre_litigation_status";"EUO Scheduled";"67"
"pre_litigation_status";"EUO Completed";"68"
"pre_litigation_status";"Record Statement Requested";"69"
"pre_litigation_status";"Record Statement Scheduled";"70"
"pre_litigation_status";"Record Statement Completed";"71"
"pre_litigation_status";"Inspection Requested";"72"
"pre_litigation_status";"Inspection Scheduled";"73"
"pre_litigation_status";"Inspection Completed";"74"
"pre_litigation_status";"2nd Inspection Requested";"75"
"pre_litigation_status";"2nd Inspection Scheduled";"76"
"pre_litigation_status";"2nd Inspection Completed";"77"
"pre_litigation_status";"Request for Documents Received";"78"
"pre_litigation_status";"Request for Documents Responded";"79"
"pre_litigation_status";"Voluntary Payment in Full - 10% HOMEOWNER";"81"
"pre_litigation_status";"EUO Request Received - PROVIDER";"82"
"pre_litigation_status";"Determination Pending";"83"
"pre_litigation_status";"Dispute Sent";"84"
"pre_litigation_status";"Documents Pending";"85"
"pre_litigation_status";"Estimate Pending";"86"
"pre_litigation_status";"Figa Hold";"87"
"pre_litigation_status";"Management Rvw";"88"
"pre_litigation_status";"Pending Client Auth To File";"89"
"pre_litigation_status";"Pol Pending";"90"
"pre_litigation_status";"10-day Bad AOB no PUCE";"91"
"pre_litigation_status";"Presuit Demand Bad AOB no PUCE";"92"
"pre_litigation_status";"Addendum Requested for Bad AOB";"93"
"pre_litigation_status";"Buyback Pending";"94"
"pre_litigation_status";"Buyback Completed";"95"
"pre_litigation_status";"NOI - Pending";"96"
"pre_litigation_status";"Receivership";"97"
"pre_litigation_status";"Do Not File-To be Settled in Case Global";"98"
"pre_litigation_status";"NOI - Settlement Pending";"99"
"pre_litigation_status";"Inspection Pending";"100"
"pre_litigation_status";"NOI - PENDNG DENIAL";"101"
"pre_litigation_status";"RA RCVD - FILE PENDING";"102"
"pre_litigation_status";"Review for Lit – Attrny Rvw";"103"
"pre_litigation_status";"NOI - Mediation Scheduled";"106"
"pre_litigation_status";"NOI - Mediation Completed";"107"
"pre_litigation_status";"NOI - Inspection Scheduled";"108"
"pre_litigation_status";"NOI - Inspection Completed";"109"
"pre_litigation_status";"Retainer Pending - case being referred to OTC";"112"
"pre_litigation_status";"Case referred to OTC";"113"
"pre_litigation_status";"Welcome Call Pending";"114"
"pre_litigation_status";"Mediation - Settled ; Paid";"117"
"pre_litigation_status";"Denied- Extra Info needed to proceed";"119"
"pre_litigation_status";"Denied-Policy Not In Effect at TOL";"120"
"pre_litigation_status";"ROBERT- REVIEW";"121"
"pre_litigation_status";"WITHDRAWAL_LTR to INS_CO";"124"
"pre_litigation_status";"Do not File-anti AOB clause";"125"
"pre_litigation_status";"Closed Hurdle Met";"126"
"pre_litigation_status";"Partial Buyback Pending";"127"
"pre_litigation_status";"Partial Buyback Paid and Closed";"128"
"pre_litigation_status";"Partial Pay-Impasse-BB";"129"
"pre_litigation_status";"Do not File-No Longer Attorney";"130"
"pre_litigation_status";"Appraisal";"131"
"pre_litigation_status";"FILE PENDING";"132"
"pre_litigation_status";"CLAIM TO BE FILED";"133"
"priority";"Normal";"1"
"priority";"Urgent";"2"
"program_type";"By Claim";"1"
"program_type";"Pool";"2"
"projectmilestonetype";"PLL_INTERNAL";"2"
"projectmilestonetype";"PLL_EXTERNAL";"3"
"projectmilestonetype";"PLL_SHARED";"4"
"projectmilestone_priority";"PLL_LOW";"1"
"projectmilestone_priority";"PLL_NORMAL";"2"
"projectmilestone_priority";"PLL_HIGH";"3"
"projectpriority";"low";"2"
"projectpriority";"normal";"3"
"projectpriority";"high";"4"
"projecttaskpriority";"low";"2"
"projecttaskpriority";"normal";"3"
"projecttaskpriority";"high";"4"
"projecttasktype";"administrative";"2"
"projecttasktype";"operative";"3"
"projecttasktype";"other";"4"
"projecttype";"PLL_INTERNAL";"2"
"projecttype";"PLL_EXTERNAL";"3"
"projecttype";"PLL_COMMON";"4"
"provider_contact_type";"Owner/Principal";"1"
"provider_contact_type";"Member/Shareholder";"2"
"provider_contact_type";"Attorney";"3"
"provider_contact_type";"Organization division";"4"
"provider_contact_type";"Corporate Representative";"5"
"provider_contact_type";"Insurance Expert";"6"
"provider_contact_type";"Public Adjuster";"7"
"provider_contact_type";"Inspector";"8"
"provider_contact_type";"Engineer";"9"
"provider_contact_type";"Pricing Expert";"10"
"provider_contact_type";"Indoor Environmental Professional";"11"
"provider_contact_type";"Authorised Representative";"12"
"provider_contact_type";"Other";"13"
"provider_status";"New";"1"
"provider_status";"Underwriting-Completed";"2"
"provider_status";"Approved-Not Yet Funded";"3"
"provider_status";"Cancelled";"4"
"provider_status";"Rejected";"5"
"provider_status";"Underwriting-In Progress";"6"
"provider_status";"Approved-Funded";"7"
"queue_status";"PLL_PLANNED";"1"
"queue_status";"PLL_ON_HOLD";"2"
"queue_status";"PLL_FOR_VERIFICATION";"3"
"queue_status";"PLL_IN_APPROVAL";"4"
"recurring_frequency";"+1 day";"1"
"recurring_frequency";"+7 days";"2"
"recurring_frequency";"+14 days";"3"
"recurring_frequency";"+21 days";"4"
"recurring_frequency";"+30 days";"5"
"recurring_frequency";"+60 days";"6"
"recurring_frequency";"+90 days";"7"
"recurring_frequency";"+180 days";"8"
"recurring_frequency";"+360 days";"9"
"recurring_frequency";"+1 month";"10"
"recurring_frequency";"+3 months";"11"
"recurring_frequency";"+6 months";"12"
"recurring_frequency";"+1 year";"13"
"recurring_frequency";"monday next week";"14"
"recurring_frequency";"friday next week";"15"
"recurring_frequency";"first day of next month";"16"
"recurring_frequency";"last day of next month";"17"
"recurring_frequency";"first day of +3 months";"18"
"recurring_frequency";"last day of +3 months";"19"
"reminder_interval";"1 Minute";"1"
"reminder_interval";"5 Minutes";"2"
"reminder_interval";"15 Minutes";"3"
"reminder_interval";"30 Minutes";"4"
"reminder_interval";"45 Minutes";"5"
"reminder_interval";"1 Hour";"6"
"reminder_interval";"1 Day";"7"
"report_with_pics";"Yes";"1"
"report_with_pics";"No";"2"
"requires_attention";"Yes";"1"
"requires_attention";"No";"2"
"reservations_status";"PLL_DRAFT";"1"
"reservations_status";"PLL_ACCEPTED";"2"
"reservations_status";"PLL_TO_APPROVAL";"3"
"reservations_status";"PLL_CANCELLED";"4"
"retainer_status";"Retainer Pending";"1"
"retainer_status";"Retainer Received";"2"
"retainer_status";"Client Verified-No Retainer";"3"
"retainer_status";"Client and Retainer Verified";"4"
"retainer_status";"Retainer Pending - case being referred to OTC";"5"
"retainer_status";"Case referred to OTC";"6"
"rowheight";"wide";"1"
"rowheight";"medium";"2"
"rowheight";"narrow";"3"
"salutationtype";"Mr.";"1"
"salutationtype";"Ms.";"2"
"salutationtype";"Mrs.";"3"
"salutationtype";"Dr.";"4"
"salutationtype";"Prof.";"5"
"scalculations_status";"PLL_DRAFT";"1"
"scalculations_status";"PLL_IN_REALIZATION";"2"
"scalculations_status";"PLL_FOR_VERIFICATION";"3"
"service_types";"Assesments";"1"
"service_types";"Build-out";"2"
"service_types";"Dryout";"3"
"service_types";"Engineering";"4"
"service_types";"Moisture Mapping";"6"
"service_types";"Mold";"7"
"service_types";"Mold &amp; Water";"8"
"service_types";"Mold Remediation";"9"
"service_types";"Plumbing";"10"
"service_types";"PRV";"11"
"service_types";"Roof tarping";"12"
"service_types";"Roofing";"13"
"service_types";"Assessment,Moisture Mapping";"14"
"service_types";"Sanitization";"14"
"service_types";"Assessment";"15"
"service_types";"Dryout,Roof tarping";"16"
"service_types";"Engineering,Mold";"17"
"service_types";"Dryout,Mold Remediation";"18"
"service_types";"Assessment,Roof tarping";"19"
"service_types";"Dryout,Engineering";"20"
"service_types";"Mold Remediation,Roof tarping";"21"
"service_types";"Dryout,Mold,Roof tarping";"22"
"service_types";"Dryout,Mold";"23"
"service_types";"Assessment,Mold Remediation";"24"
"service_types";"Dryout,Mold Remediation,Roof tarping";"25"
"service_types";"Mold,Roof tarping";"26"
"service_types";"Mold,Mold Remediation";"27"
"service_types";"Dryout,Sanitization";"28"
"service_types";"Roof tarping,Roofing";"29"
"service_types";"Assessment,Engineering";"30"
"service_types";"Engineering,Mold Remediation";"31"
"service_types";"--- Select Sevice Types ---";"32"
"service_types";"Assessment,Engineering,Mold";"33"
"service_types";"Build-out,Roof tarping";"34"
"service_types";"Assessment,Dryout";"35"
"service_types";"Mold & Water,Roof tarping";"36"
"service_types";"Dryout,Roofing";"37"
"service_types";"Assessment,PRV";"38"
"service_types";"Mold,PRV";"39"
"service_types";"Assessment,Dryout,Roof tarping";"40"
"service_types";"Assessment,Build-out";"41"
"service_types";"Build-out,Mold Remediation";"42"
"service_types";"Moisture Mapping,Roof tarping";"43"
"service_types";"Mold,Mold Remediation,Roof tarping";"44"
"service_types";"Dryout,Mold & Water";"45"
"service_types";"Dryout,Moisture Mapping";"46"
"service_types";"Dryout,Moisture Mapping,Mold";"47"
"service_types";"Moisture Mapping,Mold,Roof tarping";"48"
"service_types";"Dryout,Moisture Mapping,Mold Remediation";"49"
"service_types";"Engineering,Mold,PRV";"50"
"service_types";"Mold,Mold & Water";"51"
"service_types";"--- Select Sevice Types --- ,Dryout";"52"
"service_types";"Moisture Mapping,Mold Remediation";"53"
"service_types";"Moisture Mapping,Mold";"54"
"service_types";"Dryout,Plumbing";"55"
"service_types";"Assessment,Mold";"56"
"service_types";"Assessment,Build-out,Roof tarping";"57"
"service_types";"Build-out,Mold Remediation,Roofing";"58"
"service_types";"Dryout,Roof tarping,Sanitization";"59"
"service_types";"Assessment,Dryout,Mold Remediation";"60"
"service_types";"Dryout,Mold,Mold Remediation";"61"
"service_types";"Build-out,Dryout";"62"
"service_types";"Build-out,Mold";"63"
"service_types";"Assessment,Dryout,Mold";"64"
"service_types";"Build-out,Roofing";"65"
"service_types";"--- Select Sevice Types --- ,Assessment,Dryout,Roof tarping";"66"
"service_types";"--- Select Sevice Types --- ,Assessment";"67"
"service_types";"Assessment,Dryout,Roof tarping,Sanitization";"68"
"service_types";"--- Select Sevice Types --- ,Assessment,Dryout";"69"
"service_types";"Engineering,Mold & Water";"70"
"service_types";"Mold,Roofing";"71"
"service_types";"Mitigation and/or Remediation Services";"72"
"service_types";"Engineering,PRV";"73"
"service_types";"Mold ; Water";"74"
"service_types";"Mold ; Water,Roof tarping";"75"
"service_types";"Dryout,Mold ; Water";"76"
"service_types";"Mold,Mold ; Water";"77"
"service_types";"Engineering,Mold ; Water";"78"
"service_usageunit";"Hours";"1"
"service_usageunit";"Days";"2"
"service_usageunit";"Incidents";"3"
"settlement_status";"Settlement Negotiation - Demand Sent";"1"
"settlement_status";"Settlement Negotiation - Offer Received";"2"
"settlement_status";"SETTLED - Awaiting Release";"3"
"settlement_status";"SETTLED - Global Awaiting Release";"4"
"settlement_status";"SETTLED - Global Proposed Release Rcvd";"5"
"settlement_status";"SETTLED - Proposed Release Rcvd";"6"
"settlement_status";"SETTLED - Global Release Sent to Client";"7"
"settlement_status";"SETTLED - Release Sent to Client";"8"
"settlement_status";"SETTLED - Executed Release Sent";"9"
"settlement_status";"SETTLED - Global Executed Release Sent";"10"
"settlement_status";"SETTLED &amp; PAID - Benefits Only - Pending Fees";"11"
"settlement_status";"SETTLED &amp; PAID - Fees Only - Pending Benefits";"12"
"settlement_status";"Settlement Payment Reminder Letter";"13"
"settlement_status";"Settlement Payment Reminder Letter - 2";"14"
"settlement_status";"Settlement Payment Reminder Letter - Final";"15"
"settlement_status";"Motion to Compel Settlement";"16"
"settlement_status";"Motion to Compel Settlement - Hearing Set";"17"
"settlement_status";"SETTLED &amp; PAID - Global";"18"
"settlement_status";"SETTLED &amp; PAID";"19"
"settlement_status";"SETTLED &amp; PAID - Presuit w Fees";"20"
"settlement_status";"SETTLED ; PAID - Benefits Only - Pending Fees";"21"
"settlement_status";"SETTLED ; PAID - Fees Only - Pending Benefits";"22"
"settlement_status";"SETTLED ; PAID - Global";"23"
"settlement_status";"SETTLED ; PAID";"24"
"settlement_status";"SETTLED ; PAID - Presuit w Fees";"25"
"settlement_status";"SETTLED - CHECK RECEIVED";"26"
"settlement_type";"CMO";"1"
"settlement_type";"Litigation";"2"
"settlement_type";"Voluntary Payment";"3"
"settlement_type";"Settled Awaiting Payment";"4"
"settlement_type";"Partial payment - voluntary";"5"
"settlement_type";"Voluntary Payment - with 10% Fees";"6"
"settlement_type";"Paid and Closed";"7"
"sorting_status";"Sorted";"1"
"sorting_status";"Unsorted";"2"
"source";"Customer Portal";"1"
"source";"Customer - e-mail";"2"
"source";"Customer - scan";"3"
"source";"Generated automatically";"4"
"source";"Other";"5"
"source_of_info_about_us";"Ads";"1"
"source_of_info_about_us";"Social media";"2"
"source_of_info_about_us";"Friend";"3"
"source_of_info_about_us";"Other";"4"
"squoteenquiries_status";"PLL_DRAFT";"1"
"squoteenquiries_status";"PLL_IN_REALIZATION";"2"
"squoteenquiries_status";"PLL_FOR_VERIFICATION";"3"
"squotes_status";"PLL_DRAFT";"1"
"squotes_status";"PLL_IN_REALIZATION";"2"
"squotes_status";"PLL_FOR_VERIFICATION";"3"
"squotes_status";"PLL_AWAITING_DECISION";"4"
"squotes_status";"PLL_NEGOTIATIONS";"5"
"srecurringorders_status";"PLL_DRAFT";"1"
"srecurringorders_status";"PLL_REQUIRES_TO_BE_COMPLEMENTED";"2"
"srecurringorders_status";"PLL_REQUIRES_CONSULTATION";"3"
"srecurringorders_status";"PLL_WAITING_FOR_SHIPPING";"4"
"srecurringorders_status";"PLL_WAITING_FOR_SIGNATURE";"5"
"srecurringorders_status";"PLL_WAITING_FOR_REALIZATION";"6"
"srequirementscards_status";"PLL_DRAFT";"1"
"srequirementscards_status";"PLL_IN_REALIZATION";"2"
"srequirementscards_status";"PLL_FOR_VERIFICATION";"3"
"ssalesprocesses_source";"PLL_WEBSITE";"1"
"ssalesprocesses_source";"PLL_PHONE";"2"
"ssalesprocesses_source";"PLL_MAIL_CAMPAIGN";"3"
"ssalesprocesses_source";"PLL_CONFERENCE";"4"
"ssalesprocesses_source";"PLL_RECOMMENDATION";"5"
"ssalesprocesses_source";"PLL_MEETING";"6"
"ssalesprocesses_source";"PLL_ADVERTISING";"7"
"ssalesprocesses_source";"PLL_COMMUNITY";"8"
"ssalesprocesses_source";"PLL_OTHER";"9"
"ssalesprocesses_status";"PLL_DRAFT";"1"
"ssalesprocesses_status";"PLL_FOR_REALIZATION";"2"
"ssalesprocesses_status";"PLL_QUOTE_ENQUIRY";"3"
"ssalesprocesses_status";"PLL_REQUIREMENTS_CARD";"4"
"ssalesprocesses_status";"PLL_CALCULATION";"5"
"ssalesprocesses_status";"PLL_QUOTE";"6"
"ssalesprocesses_status";"PLL_NEGOTIATIONS";"7"
"ssalesprocesses_status";"PLL_AWAITING_DECISION";"8"
"ssalesprocesses_status";"PLL_AWAITING_SIGNATURES";"9"
"ssalesprocesses_status";"PLL_ORDER";"10"
"ssalesprocesses_status";"PLL_REALIZATION";"11"
"ssalesprocesses_status";"PLL_AWAITING_PAYMENT";"12"
"ssalesprocesses_status";"PLL_INVOICING";"13"
"ssalesprocesses_type";"PLL_NEW_SALES";"1"
"ssalesprocesses_type";"PLL_RENEWAL";"2"
"ssalesprocesses_type";"PLL_AFTERSALES";"3"
"ssalesprocesses_type";"PLL_TENDER";"4"
"ssingleorders_source";"PLL_PORTAL";"4"
"ssingleorders_source";"PLL_MAGENTO";"5"
"ssingleorders_status";"PLL_NEW";"1"
"ssingleorders_status";"PLL_PAYMENT_REVIEW";"2"
"ssingleorders_status";"PLL_ON_HOLD";"3"
"ssingleorders_status";"PLL_PROCESSING";"4"
"ssingleorders_status";"PLL_COMPLETE";"5"
"ssservicesstatus";"PLL_DRAFT";"1"
"ssservicesstatus";"PLL_WAITING_FOR_VERIFICATION";"2"
"ssservicesstatus";"PLL_WAITING_FOR_ACCEPTANCE";"3"
"stage";"Pre-Litigation";"1"
"stage";"Appraisal";"2"
"stage";"Complaint";"3"
"stage";"Plaintiff Discovery";"4"
"stage";"Plaintiff Deposition";"5"
"stage";"Defendant Discovery";"6"
"stage";"Defendant Deposition";"7"
"stage";"PFS CRN 57.105";"8"
"stage";"Mediation Arbitration";"9"
"stage";"Defendant MTD";"10"
"stage";"Plaintiff MSJ";"11"
"stage";"Defendant MSJ";"12"
"stage";"Trial";"13"
"stage";"Settlement";"14"
"stage";"Appeal";"15"
"start_hour";"00:00";"1"
"start_hour";"01:00";"2"
"start_hour";"02:00";"3"
"start_hour";"03:00";"4"
"start_hour";"04:00";"5"
"start_hour";"05:00";"6"
"start_hour";"06:00";"7"
"start_hour";"07:00";"8"
"start_hour";"08:00";"9"
"start_hour";"09:00";"10"
"start_hour";"10:00";"11"
"start_hour";"11:00";"12"
"start_hour";"12:00";"13"
"start_hour";"13:00";"14"
"start_hour";"14:00";"15"
"start_hour";"15:00";"16"
"start_hour";"16:00";"17"
"start_hour";"17:00";"18"
"start_hour";"18:00";"19"
"start_hour";"19:00";"20"
"start_hour";"20:00";"21"
"start_hour";"21:00";"22"
"start_hour";"22:00";"23"
"start_hour";"23:00";"24"
"state";"AL Alabama";"1"
"state";"AK Alaska";"2"
"state";"AZ Arizona";"3"
"state";"AR Arkansas";"4"
"state";"CA California";"5"
"state";"CO Colorado";"6"
"state";"CT Connecticut";"7"
"state";"DE Delaware";"8"
"state";"FL Florida";"9"
"state";"GA Georgia";"10"
"state";"HI Hawaii";"11"
"state";"ID Idaho";"12"
"state";"IL Illinois";"13"
"state";"IN Indiana";"14"
"state";"IA Iowa";"15"
"state";"KS Kansas";"16"
"state";"KY Kentucky";"17"
"state";"LA Louisiana";"18"
"state";"ME Maine";"19"
"state";"MD Maryland";"20"
"state";"MA Massachusetts";"21"
"state";"MI Michigan";"22"
"state";"MN Minnesota";"23"
"state";"MS Mississippi";"24"
"state";"MO Missouri";"25"
"state";"MT Montana";"26"
"state";"NE Nebraska";"27"
"state";"NV Nevada";"28"
"state";"NH New Hampshire";"29"
"state";"NJ New Jersey";"30"
"state";"NM New Mexico";"31"
"state";"NY New York";"32"
"state";"NC North Carolina";"33"
"state";"ND North Dakota";"34"
"state";"OH Ohio";"35"
"state";"OK Oklahoma";"36"
"state";"OR Oregon";"37"
"state";"PA Pennsylvania";"38"
"state";"RI Rhode Island";"39"
"state";"SC South Carolina";"40"
"state";"SD South Dakota";"41"
"state";"TN Tennessee";"42"
"state";"TX Texas";"43"
"state";"UT Utah";"44"
"state";"VT Vermont";"45"
"state";"VA Virginia";"46"
"state";"WA Washington";"47"
"state";"WV West Virginia";"48"
"state";"WI Wisconsin";"49"
"state";"WY Wyoming";"50"
"state";"AS American Samoa";"51"
"state";"GU Guam";"52"
"state";"MH Marshall Islands";"53"
"state";"FM Micronesia";"54"
"state";"NB Nebraska";"55"
"state";"MP Northern Mariana Islands";"56"
"state";"PW Palau";"57"
"state";"CZ Panama Canal Zone";"58"
"state";"PI Philippine Islands";"59"
"state";"PR Puerto Rico";"60"
"state";"TT Trust Territory of the Pacific Islands";"61"
"state";"AA U.S. Armed Forces – Americas";"62"
"state";"AE U.S. Armed Forces – Europe";"63"
"state";"AP U.S. Armed Forces – Pacific";"64"
"state";"UM U.S. Minor Outlying Islands";"65"
"state";"VI U.S. Virgin Islands";"66"
"status";"Inactive";"2"
"status_col";"To be paid";"1"
"status_col";"In deposit";"2"
"status_col";"Released";"3"
"storage_status";"PLL_ACTIVE";"1"
"storage_status";"PLL_INACTIVE";"2"
"storage_type";"PLL_INTERNAL";"1"
"storage_type";"PLL_EXTERNAL";"2"
"subindustry";"Ministry";"1"
"subindustry";"Chancellery";"2"
"subindustry";"Voivodeship Office";"3"
"subindustry";"Marshal Office";"4"
"subindustry";"District";"5"
"subindustry";"City/Township/District";"6"
"subindustry";"Social Welfare Centre";"7"
"subindustry";"Water and Sewerage Company";"8"
"subindustry";"Voivodeship Job Centre";"9"
"subindustry";"District Job Center";"10"
"subindustry";"Court of justice";"11"
"subindustry";"Attorney General's Office";"12"
"subindustry";"Developers";"14"
"subindustry";"Real Estate";"15"
"subindustry";"Primary Schools";"16"
"subindustry";"High Schools";"17"
"subindustry";"Banking";"18"
"subindustry";"Capital Market";"19"
"subindustry";"Financial Services";"20"
"subindustry";"Investments";"21"
"subindustry";"Insurance";"22"
"subindustry";"Retail";"23"
"subindustry";"Wholesale";"24"
"subindustry";"Resale";"25"
"subindustry";"Automotive";"26"
"subindustry";"Plastics";"27"
"subindustry";"Chamical";"28"
"subindustry";"Raw material";"29"
"subindustry";"Fuel";"30"
"subindustry";"Wood and paper";"31"
"subindustry";"Electromechanical";"32"
"subindustry";"Pharmaceutical";"33"
"subindustry";"Building Materials";"34"
"subindustry";"Metal";"35"
"subindustry";"Light";"36"
"subindustry";"Food industry";"37"
"subindustry";"Recycling";"38"
"subindustry";"Army";"39"
"subindustry";"Police";"40"
"subindustry";"Information Technology";"41"
"subindustry";"Telecommunication";"42"
"subindustry";"Media";"43"
"subindustry";"Other";"44"
"subunit";"50g";"1"
"subunit";"100g";"2"
"subunit";"300g";"3"
"subunit";"500g";"4"
"subunit";"100ml";"5"
"subunit";"250ml";"6"
"subunit";"330ml";"7"
"subunit";"500ml";"8"
"svendorenquiries_status";"PLL_DRAFT";"1"
"svendorenquiries_status";"PLL_IN_REALIZATION";"2"
"svendorenquiries_status";"PLL_FOR_VERIFICATION";"3"
"svendorenquiries_status";"PLL_CANCELLED";"4"
"svendorenquiries_status";"PLL_COMPLETED";"5"
"sync_caldav";"PLL_OWNER";"1"
"sync_caldav";"PLL_OWNER_PERSON";"2"
"sync_caldav";"PLL_OWNER_PERSON_GROUP";"3"
"sync_carddav";"PLL_OWNER";"1"
"sync_carddav";"PLL_OWNER_PERSON";"2"
"sync_carddav";"PLL_OWNER_PERSON_GROUP";"3"
"sync_carddav";"PLL_BASED_CREDENTIALS";"4"
"taskpriority";"High";"0"
"taskpriority";"Medium";"1"
"taskpriority";"Low";"2"
"tasks_status";"New";"1"
"tasks_status";"In progress";"2"
"tasks_status";"Completed";"3"
"tasks_task_type";"TBD";"1"
"task_type";"Workflow";"1"
"task_type";"Document Package";"2"
"task_type";"Document";"3"
"task_type";"Email";"4"
"task_type";"Email Template";"5"
"task_type";"DocuSign Interface";"6"
"task_type";"QuickBooks Interface";"7"
"ticketpriorities";"Low";"0"
"ticketpriorities";"Normal";"1"
"ticketpriorities";"High";"2"
"ticketpriorities";"Urgent";"3"
"ticketseverities";"Minor";"0"
"ticketseverities";"Major";"1"
"ticketseverities";"Feature";"2"
"ticketseverities";"Critical";"3"
"ticketstatus";"PLL_SUBMITTED_COMMENTS";"4"
"ticketstatus";"PLL_FOR_APPROVAL";"6"
"ticketstatus";"PLL_TO_CLOSE";"7"
"timecontrol_type";"PLL_WORKING_TIME";"1"
"timecontrol_type";"PLL_BREAK_TIME";"2"
"timecontrol_type";"PLL_HOLIDAY_TIME";"3"
"timecontrol_type";"PLL_UNPAID_LEAVE";"4"
"timecontrol_type";"PLL_SICK_LEAVE";"5"
"time_zone";"Pacific/Midway";"0"
"time_zone";"Pacific/Samoa";"1"
"time_zone";"Pacific/Honolulu";"2"
"time_zone";"America/Anchorage";"3"
"time_zone";"America/Los_Angeles";"4"
"time_zone";"America/Tijuana";"5"
"time_zone";"America/Denver";"6"
"time_zone";"America/Chihuahua";"7"
"time_zone";"America/Mazatlan";"8"
"time_zone";"America/Phoenix";"9"
"time_zone";"America/Regina";"10"
"time_zone";"America/Tegucigalpa";"11"
"time_zone";"America/Chicago";"12"
"time_zone";"America/Mexico_City";"13"
"time_zone";"America/Monterrey";"14"
"time_zone";"America/New_York";"15"
"time_zone";"America/Bogota";"16"
"time_zone";"America/Lima";"17"
"time_zone";"America/Rio_Branco";"18"
"time_zone";"America/Indiana/Indianapolis";"19"
"time_zone";"America/Caracas";"20"
"time_zone";"America/Halifax";"21"
"time_zone";"America/Manaus";"22"
"time_zone";"America/Santiago";"23"
"time_zone";"America/La_Paz";"24"
"time_zone";"America/Cuiaba";"25"
"time_zone";"America/Asuncion";"26"
"time_zone";"America/St_Johns";"27"
"time_zone";"America/Argentina/Buenos_Aires";"28"
"time_zone";"America/Sao_Paulo";"29"
"time_zone";"America/Godthab";"30"
"time_zone";"America/Montevideo";"31"
"time_zone";"Atlantic/South_Georgia";"32"
"time_zone";"Atlantic/Azores";"33"
"time_zone";"Atlantic/Cape_Verde";"34"
"time_zone";"Europe/London";"35"
"time_zone";"UTC";"36"
"time_zone";"Africa/Monrovia";"37"
"time_zone";"Africa/Casablanca";"38"
"time_zone";"Europe/Belgrade";"39"
"time_zone";"Europe/Sarajevo";"40"
"time_zone";"Europe/Brussels";"41"
"time_zone";"Africa/Algiers";"42"
"time_zone";"Europe/Amsterdam";"43"
"time_zone";"Europe/Minsk";"44"
"time_zone";"Africa/Cairo";"45"
"time_zone";"Europe/Helsinki";"46"
"time_zone";"Europe/Athens";"47"
"time_zone";"Europe/Istanbul";"48"
"time_zone";"Asia/Jerusalem";"49"
"time_zone";"Asia/Amman";"50"
"time_zone";"Asia/Beirut";"51"
"time_zone";"Africa/Windhoek";"52"
"time_zone";"Africa/Harare";"53"
"time_zone";"Asia/Kuwait";"54"
"time_zone";"Asia/Baghdad";"55"
"time_zone";"Africa/Nairobi";"56"
"time_zone";"Asia/Tehran";"57"
"time_zone";"Asia/Tbilisi";"58"
"time_zone";"Europe/Moscow";"59"
"time_zone";"Asia/Muscat";"60"
"time_zone";"Asia/Baku";"61"
"time_zone";"Asia/Yerevan";"62"
"time_zone";"Asia/Karachi";"63"
"time_zone";"Asia/Tashkent";"64"
"time_zone";"Asia/Kolkata";"65"
"time_zone";"Asia/Colombo";"66"
"time_zone";"Asia/Katmandu";"67"
"time_zone";"Asia/Dhaka";"68"
"time_zone";"Asia/Almaty";"69"
"time_zone";"Asia/Yekaterinburg";"70"
"time_zone";"Asia/Rangoon";"71"
"time_zone";"Asia/Novosibirsk";"72"
"time_zone";"Asia/Bangkok";"73"
"time_zone";"Asia/Brunei";"74"
"time_zone";"Asia/Krasnoyarsk";"75"
"time_zone";"Asia/Ulaanbaatar";"76"
"time_zone";"Asia/Kuala_Lumpur";"77"
"time_zone";"Asia/Taipei";"78"
"time_zone";"Australia/Perth";"79"
"time_zone";"Asia/Irkutsk";"80"
"time_zone";"Asia/Seoul";"81"
"time_zone";"Asia/Tokyo";"82"
"time_zone";"Australia/Darwin";"83"
"time_zone";"Australia/Adelaide";"84"
"time_zone";"Australia/Canberra";"85"
"time_zone";"Australia/Brisbane";"86"
"time_zone";"Australia/Hobart";"87"
"time_zone";"Asia/Vladivostok";"88"
"time_zone";"Pacific/Guam";"89"
"time_zone";"Asia/Yakutsk";"90"
"time_zone";"Etc/GMT-11";"91"
"time_zone";"Pacific/Fiji";"92"
"time_zone";"Asia/Kamchatka";"93"
"time_zone";"Pacific/Auckland";"94"
"time_zone";"Asia/Magadan";"95"
"time_zone";"Pacific/Tongatapu";"96"
"tracking_unit";"Hours";"2"
"tracking_unit";"Days";"3"
"tracking_unit";"Incidents";"4"
"trial_status";"Motion in Limine";"2"
"trial_status";"Notice of Trial";"3"
"trial_status";"Trial Date";"6"
"trial_status";"Trial Package";"7"
"trial_status";"Trial Status Conference";"8"
"trial_status";"Trial Package Prepared and Sent";"9"
"trial_status";"Trial Order Received";"10"
"trial_status";"Jury Instuctions/Verdict Form Filed";"11"
"types_of_services";"TARP";"2"
"types_of_services";"ROOF";"4"
"types_of_services";"RETARP";"5"
"types_of_services";"MOLD ASSESSMENT";"6"
"types_of_services";"CONTENTS";"8"
"types_of_services";"DRYOUT";"9"
"types_of_services";"ENGINEERING REPORT";"10"
"types_of_services";"MOISTURE MAPPING";"11"
"types_of_services";"MOLD REMEDIATION";"12"
"types_of_services";"PLUMBING";"13"
"types_of_services";"PRV";"14"
"types_of_services";"SANITIZATION";"15"
"types_of_services";"SHRINK WRAP";"16"
"types_of_services";"TARP REMOVAL";"17"
"types_of_services";"TARP INSPECTION";"18"
"types_of_services";"CAMERA INSPECTION";"19"
"types_of_services";"LEAK DETECTION";"20"
"types_of_services";"LEAK INSPECTION";"21"
"types_of_services";"MATERIALS";"22"
"types_of_services";"WINDOWS";"23"
"types_of_services";"SLIDING";"25"
"types_of_services";"HVAC";"26"
"types_of_services";"DAMAGE ASSESSMENT";"27"
"types_of_services";"Build-Out";"28"
"type_of_claim";"AOB";"1"
"type_of_claim";"HO";"2"
"type_of_claim";"LOP/DTP";"3"
"type_of_claim";"Estimates";"4"
"type_of_claim";"PA";"5"
"type_of_claim";"FLOOD";"7"
"type_of_claim";"FIGA";"9"
"type_of_denial";"Total Denial";"1"
"type_of_denial";"Partial Denial";"2"
"type_of_entity";"Corporation";"1"
"type_of_entity";"Partnership";"2"
"type_of_entity";"Sole Proprietorship";"3"
"type_of_entity";"LLC";"4"
"type_of_entity";"Other";"5"
"type_of_property";"Residential";"1"
"type_of_property";"Commercial";"2"
"type_of_provider";"Remediation";"1"
"type_of_provider";"Mitigation";"2"
"type_of_provider";"Emergency Services";"3"
"type_of_provider";"Dry-Out";"4"
"type_of_provider";"Buildback";"5"
"type_of_provider";"Fire";"6"
"type_of_provider";"Mold Testing";"7"
"type_of_provider";"Water Assessment";"8"
"type_of_provider";"Leak Detection";"9"
"type_of_provider";"Engineering";"10"
"type_of_provider";"Windows";"11"
"type_of_provider";"Roofing";"12"
"type_of_provider";"Sliding";"13"
"type_of_provider";"HVAC";"14"
"usageunit";"pcs";"0"
"usageunit";"pack";"1"
"usageunit";"kg";"2"
"usageunit";"m";"3"
"usageunit";"l";"4"
"verification";"Address details";"1"
"verification";"Contact details";"2"
"verification";"Registration details";"3"
"view_date_format";"PLL_FULL";"1"
"view_date_format";"PLL_ELAPSED";"2"
"view_date_format";"PLL_COMBINED";"3"
"visibility";"Private";"0"
"visibility";"Public";"1"
