"placeholdersid";"placeholder";"number";"result_text";"placeholder_category";"mod_name"
"25476";"ACCIDENT_DATE";"N5";"$(record : date_of_loss|format=F j, Y)$";"";"Cases"
"25477";"ADJUSTER_EMAIL";"N6";"$(relatedRecord : adjuster|email|Adjusters)$";"Email Address";"Cases"
"25478";"ADJUSTER_FAX";"N7";"$(relatedRecord : adjuster|fax|Adjusters)$";"";"Cases"
"25481";"ADJUSTER_NAME";"N10";"$(relatedRecord : adjuster|adjuster_name|Adjusters)$";"";"Cases"
"25482";"ADJUSTER_PHONE";"N11";"$(relatedRecord : adjuster|phone|Adjusters)$ $(relatedRecord : adjuster|phone_extra|Adjusters)$";"";"Cases"
"25484";"ATTORNEY_ADDRESS";"N13";"$(relatedRecord : attorney|street|Attorneys)$";"";"Cases"
"25485";"ATTORNEY_CITY";"N14";"$(relatedRecord : attorney|city|Attorneys)$";"";"Cases"
"25486";"ATTORNEY_EMAIL";"N15";"$(relatedRecord : attorney|email|Attorneys)$";"Email Address";"Cases"
"25487";"ATTORNEY_FAX";"N16";"$(relatedRecord : attorney|fax|Attorneys)$";"";"Cases"
"25488";"ATTORNEY_FIRSTNAME";"N17";"$(relatedRecord : attorney|first_name|Attorneys)$";"";"Cases"
"25489";"ATTORNEY_LASTNAME";"N18";"$(relatedRecord : attorney|last_name|Attorneys)$";"";"Cases"
"25490";"ATTORNEY_NAME";"N19";"$(relatedRecord : attorney|attorney_name|Attorneys)$";"";"Cases"
"25491";"ATTORNEY_PHONE";"N20";"$(relatedRecord : attorney|phone|Attorneys)$ $(relatedRecord : attorney|phone_extra|Attorneys)$";"";"Cases"
"25492";"ATTORNEY_STATE";"N21";"$(relatedRecord : attorney|state|Attorneys)$";"";"Cases"
"25493";"ATTORNEY_ZIP";"N22";"$(relatedRecord : attorney|zip|Attorneys)$";"";"Cases"
"25494";"BALANCE_AMOUNT";"N23";"$(record : total_balance)$";"";"Cases"
"25496";"CASE_ID";"N25";"$(record : case_id)$";"";"Cases"
"25497";"CLAIM_AMOUNT";"N26";"$(record : total_bill_amount)$";"";"Cases"
"25499";"CLIENT_BILLING_ADDRESS";"N28";"$(relatedRecord : insured|street|Insureds)$";"";"Cases"
"25500";"CLIENT_BILLING_CITY";"N29";"$(relatedRecord : insured|city|Insureds)$";"";"Cases"
"25502";"CLIENT_BILLING_PHONE";"N31";"$(relatedRecord : insured|phone|Insureds)$ $(relatedRecord : insured|phone_extra|Insureds)$";"";"Cases"
"25503";"CLIENT_BILLING_STATE";"N32";"$(relatedRecord : insured|state|Insureds)$";"";"Cases"
"25504";"CLIENT_BILLING_ZIP";"N33";"$(relatedRecord : insured|zip|Insureds)$";"";"Cases"
"25505";"CLIENT_EMAIL";"N34";"$(relatedRecord : insured|e_mail|Insureds)$";"Email Address";"Cases"
"25506";"CLIENT_FIRST_NAME";"N35";"$(relatedRecord : insured|insured1_first_name|Insureds)$";"";"Cases"
"25507";"CLIENT_LAST_NAME";"N36";"$(relatedRecord : insured|insured1_last_name|Insureds)$";"";"Cases"
"25508";"CLIENT_NAME";"N37";"$(relatedRecord : insured|insured1_first_name|Insureds)$ $(relatedRecord : insured|insured1_last_name|Insureds)$";"";"Cases"
"25509";"CORPORATE_REP";"N38";"$(record : ps_corporate_rep)$";"";"Cases"
"25510";"COURT_ADDRESS";"N39";"$(relatedRecord : court|street|Courts)$";"";"Cases"
"25512";"COURT_CITY";"N41";"$(relatedRecord : court|city|Courts)$";"";"Cases"
"25513";"COURT_COUNTY";"N42";"$(relatedRecordLevel : court|Courts|county|county|Counties)$";"";"Cases"
"25517";"COURT_NAME";"N46";"$(relatedRecord : court|court_name|Courts)$";"";"Cases"
"25525";"DEFENDANT_NAME";"N54";"$(record : opposing_counsel)$";"";"Cases"
"25531";"DOS_END";"N60";"$(record : date_of_service|format=F j, Y)$";"";"Cases"
"25533";"DOS_START";"N62";"$(record : date_of_service|format=F j, Y)$";"";"Cases"
"25535";"INDEXORAAA_NUMBER";"N64";"$(record : case_number)$";"";"Cases"
"25536";"INJUREDPARTY_FIRSTNAME";"N65";"$(relatedRecord : insured|insured1_first_name|Insureds)$";"";"Cases"
"25537";"INJUREDPARTY_FULL_ADDRESS";"N66";"$(relatedRecord : insured|street|Insureds)$ $(relatedRecord : insured|city|Insureds)$ $(relatedRecord : insured|state|Insureds)$ $(relatedRecord : insured|zip|Insureds)$";"";"Cases"
"25538";"INJUREDPARTY_LASTNAME";"N67";"$(relatedRecord : insured|insured1_last_name|Insureds)$";"";"Cases"
"25539";"INJUREDPARTY_NAME";"N68";"$(record : insured)$";"";"Cases"
"25541";"INS_CLAIM_NUMBER";"N70";"$(record : claim_number)$";"";"Cases"
"25542";"INSURANCECOMPANY_LOCAL_ADDRESS";"N71";"$(relatedRecord : insurance_company|street|InsuranceCompanies)$";"";"Cases"
"25543";"INSURANCECOMPANY_LOCAL_CITY";"N72";"$(relatedRecord : insurance_company|city|InsuranceCompanies)$";"";"Cases"
"25546";"INSURANCECOMPANY_LOCAL_PHONE";"N75";"$(relatedRecord : insurance_company|phone|InsuranceCompanies)$ $(relatedRecord : insurance_company|phone_extra|InsuranceCompanies)$";"";"Cases"
"25547";"INSURANCECOMPANY_LOCAL_STATE";"N76";"$(relatedRecord : insurance_company|state|InsuranceCompanies)$";"";"Cases"
"25548";"INSURANCECOMPANY_LOCAL_ZIP";"N77";"$(relatedRecord : insurance_company|zip|InsuranceCompanies)$";"";"Cases"
"25549";"INSURANCECOMPANY_NAME";"N78";"$(relatedRecord : insurance_company|insurance_company_name|InsuranceCompanies)$";"";"Cases"
"25550";"INSURANCECOMPANY_PERM_ADDRESS";"N79";"$(relatedRecord : insurance_company|street|InsuranceCompanies)$";"";"Cases"
"25551";"INSURANCECOMPANY_PERM_CITY";"N80";"$(relatedRecord : insurance_company|city|InsuranceCompanies)$";"";"Cases"
"25554";"INSURANCECOMPANY_PERM_PHONE";"N83";"$(relatedRecord : insurance_company|phone|InsuranceCompanies)$ $(relatedRecord : insurance_company|phone_extra|InsuranceCompanies)$";"";"Cases"
"25555";"INSURANCECOMPANY_PERM_STATE";"N84";"$(relatedRecord : insurance_company|state|InsuranceCompanies)$";"";"Cases"
"25556";"INSURANCECOMPANY_PERM_ZIP";"N85";"$(relatedRecord : insurance_company|zip|InsuranceCompanies)$";"";"Cases"
"25557";"INSURANCECOMPANY_SUITNAME";"N86";"$(relatedRecord : insurance_company|insurance_company_name|InsuranceCompanies)$";"";"Cases"
"25558";"INSUREDPARTY_ADDRESS";"N87";"$(relatedRecord : insured|street|Insureds)$ $(relatedRecord : insured|city|Insureds)$ $(relatedRecord : insured|state|Insureds)$ $(relatedRecord : insured|zip|Insureds)$";"";"Cases"
"25561";"JUDGE_NAME";"N90";"$(relatedRecord : judge|judge_name|Judges)$";"";"Cases"
"25562";"LAWFIRMNAME";"N91";"$(relatedRecord : attorney|law_firm_name|Attorneys)$";"";"Cases"
"25566";"MOTION_HEARING_DATE_TIME";"N95";"$(record : next_hearing_date|format=F j, Y)$";"";"Cases"
"25571";"NOWDT";"N100";"$(general : CurrentDate|format=F j, Y)$";"";"Cases"
"25572";"OPPOSING_COUNSEL_ADDRESS";"N101";"$(relatedRecord : opposing_counsel|street|Attorneys)$";"";"Cases"
"25573";"OPPOSING_COUNSEL_ATTORNEY_BAR_NUMBER";"N102";"$(relatedRecord : opposing_counsel|attorney_bar_number|Attorneys)$";"";"Cases"
"25574";"OPPOSING_COUNSEL_CITY";"N103";"$(relatedRecord : opposing_counsel|city|Attorneys)$";"";"Cases"
"25575";"OPPOSING_COUNSEL_EMAIL";"N104";"$(relatedRecord : opposing_counsel|email|Attorneys)$";"Email Address";"Cases"
"25576";"OPPOSING_COUNSEL_FAX";"N105";"$(relatedRecord : opposing_counsel|fax|Attorneys)$";"";"Cases"
"25577";"OPPOSING_COUNSEL_LAWFIRM";"N106";"$(relatedRecord : opposing_counsel|law_firm_name|Attorneys)$";"";"Cases"
"25578";"OPPOSING_COUNSEL_NAME";"N107";"$(relatedRecord : opposing_counsel|first_name|Attorneys)$ $(relatedRecord : opposing_counsel|last_name|Attorneys)$";"";"Cases"
"25579";"OPPOSING_COUNSEL_PHONE";"N108";"$(relatedRecord : opposing_counsel|phone|Attorneys)$ $(relatedRecord : opposing_counsel|phone_extra|Attorneys)$";"";"Cases"
"25580";"OPPOSING_COUNSEL_STATE";"N109";"$(relatedRecord : opposing_counsel|state|Attorneys)$";"";"Cases"
"25581";"OPPOSING_COUNSEL_ZIP";"N110";"$(relatedRecord : opposing_counsel|zip|Attorneys)$";"";"Cases"
"25586";"PACKET_OR_CASE_ID";"N115";"$(record : case_id)$";"";"Cases"
"25587";"PAID_AMOUNT";"N116";"$(record : total_collections)$";"";"Cases"
"25588";"PLAINTIFF_ATTORNEY_ADDRESS";"N117";"$(relatedRecord : attorney|street|Attorneys)$";"";"Cases"
"25589";"PLAINTIFF_ATTORNEY_BAR_NUMBER";"N118";"$(relatedRecord : attorney|attorney_bar_number|Attorneys)$";"";"Cases"
"25590";"PLAINTIFF_ATTORNEY_CITY";"N119";"$(relatedRecord : attorney|city|Attorneys)$";"";"Cases"
"25591";"PLAINTIFF_ATTORNEY_EMAIL";"N120";"$(relatedRecord : attorney|email|Attorneys)$";"Email Address";"Cases"
"25592";"PLAINTIFF_ATTORNEY_FAX";"N121";"$(relatedRecord : attorney|fax|Attorneys)$";"";"Cases"
"25593";"PLAINTIFF_ATTORNEY_LAWFIRM";"N122";"$(relatedRecord : attorney|law_firm_name|Attorneys)$";"";"Cases"
"25594";"PLAINTIFF_ATTORNEY_NAME";"N123";"$(relatedRecord : attorney|first_name|Attorneys)$ $(relatedRecord : attorney|last_name|Attorneys)$";"";"Cases"
"25595";"PLAINTIFF_ATTORNEY_PHONE";"N124";"$(relatedRecord : attorney|phone|Attorneys)$ $(relatedRecord : attorney|phone_extra|Attorneys)$";"";"Cases"
"25596";"PLAINTIFF_ATTORNEY_STATE";"N125";"$(relatedRecord : attorney|state|Attorneys)$";"";"Cases"
"25597";"PLAINTIFF_ATTORNEY_ZIP";"N126";"$(relatedRecord : attorney|zip|Attorneys)$";"";"Cases"
"25599";"POLICY_NUMBER";"N128";"$(record : policy_number)$";"";"Cases"
"25603";"PROVIDER_BILLING";"N132";"$(relatedRecord : provider|tax_id|Providers)$";"";"Cases"
"25607";"PROVIDER_LOCAL_ADDRESS";"N136";"$(relatedRecord : provider|street|Providers)$";"";"Cases"
"25608";"PROVIDER_LOCAL_CITY";"N137";"$(relatedRecord : provider|city|Providers)$";"";"Cases"
"25609";"PROVIDER_LOCAL_STATE";"N138";"$(relatedRecord : provider|state|Providers)$";"";"Cases"
"25610";"PROVIDER_LOCAL_ZIP";"N139";"$(relatedRecord : provider|zip|Providers)$";"";"Cases"
"25611";"PROVIDER_PERM_ADDRESS";"N140";"$(relatedRecord : provider|street|Providers)$";"";"Cases"
"25612";"PROVIDER_PERM_CITY";"N141";"$(relatedRecord : provider|city|Providers)$";"";"Cases"
"25613";"PROVIDER_PERM_STATE";"N142";"$(relatedRecord : provider|state|Providers)$";"";"Cases"
"25614";"PROVIDER_PERM_ZIP";"N143";"$(relatedRecord : provider|zip|Providers)$";"";"Cases"
"25616";"PROVIDER_SUITNAME";"N145";"$(relatedRecord : provider|provider_name|Providers)$";"";"Cases"
"25617";"PROVIDER_TAXID";"N146";"$(relatedRecord : provider|tax_id|Providers)$";"";"Cases"
"25637";"SETTLEMENT_AF";"N166";"$(record : settlement_af)$";"";"Cases"
"25638";"SETTLEMENT_AMOUNT";"N167";"$(record : settlement_amount)$";"";"Cases"
"25639";"SETTLEMENT_CONFERENCE_DATE";"N168";"$(record : pretrial_conf_date|format=F j, Y)$";"";"Cases"
"25640";"SETTLEMENT_DATE";"N169";"$(record : settlement_date|format=F j, Y)$";"";"Cases"
"25641";"SETTLEMENT_FF";"N170";"$(record : sett_ff)$";"";"Cases"
"25642";"SETTLEMENT_INT";"N171";"$(record : interest_amount_settled)$";"";"Cases"
"25643";"SETTLEMENT_TOTAL";"N172";"$(record : settlement_amount)$";"";"Cases"
"25644";"TODAY_DATE";"N173";"$(general : CurrentDate|format=F j, Y)$";"";"Cases"
"25645";"TRANSACTIONS_AMOUNT_AF";"N174";"$(record : attorney_fee)$";"";"Cases"
"25646";"TRANSACTIONS_AMOUNT_COLLECTED";"N175";"$(record : total_collections)$";"";"Cases"
"25647";"TRANSACTIONS_AMOUNT_INT";"N176";"$(record : interest_amount_settled)$";"";"Cases"
"26218";"CAUSE_OF_LOSS";"N180";"$(record : cause_of_loss)$";"";"Cases"
"26236";"PTC_DATE";"PLCHLDR_000181";"$(record : pretrial_conf_date|format=F j, Y)$";"";"Cases"
"26237";"SERVICE_TYPE";"PLCHLDR_000182";"$(record : types_of_services)$";"";"Cases"
"28893";"MP_AGREEMENT_DATE";"PLCHLDR_000183";"$(record : master_purchase_agreement_date|format=F j, Y)$";"";"Providers"
"28894";"PROVIDER_NAME";"PLCHLDR_000184";"$(record : provider_name)$";"";"Providers"
"28902";"DATE_MPA_SIGNED";"PLCHLDR_000185";"$(relatedRecord : provider|master_purchase_agreement_date|Providers|format=F j, Y)$";"";"PortfolioPurchases"
"28904";"DATE_AGREEMENT_SENT";"PLCHLDR_000187";"$(record : purchase_date|format=F j, Y)$";"";"PortfolioPurchases"
"28906";"PF_PROVIDER_NAME";"PLCHLDR_000188";"$(relatedRecord : provider|provider_name|Providers)$";"";"PortfolioPurchases"
"28907";"PF_TOTAL_CLAIM_VALUE";"PLCHLDR_000189";"$(record : total_claim_value)$";"";"PortfolioPurchases"
"28908";"PF_ADJ_CLAIM_VALUE";"PLCHLDR_000190";"$(record : adjusted_claim_value)$";"";"PortfolioPurchases"
"28909";"PF_PURCHASE_PRICE_PCT";"PLCHLDR_000191";"$(relatedRecord : program|purchase_price_perc|Programs)$";"";"PortfolioPurchases"
"28910";"PF_PURCHASE_VALUE";"PLCHLDR_000192";"$(record : purchase_value)$";"";"PortfolioPurchases"
"28911";"PF_FACTOR_FEE_PCT";"PLCHLDR_000193";"$(relatedRecord : program|factor_fee_perc|Programs)$";"";"PortfolioPurchases"
"28912";"PF_BUYBACK_CLEARANCE";"PLCHLDR_000194";"$(record : buyback_clearance)$";"";"PortfolioPurchases"
"28913";"PROJECTED_REFUNDABLE_RESERVE";"PLCHLDR_000195";"$(record : projected_refundable_reserve)$";"";"PortfolioPurchases"
"28914";"PF_CASH_TO_SELLER";"PLCHLDR_000196";"$(record : cash_to_seller)$";"";"PortfolioPurchases"
"28915";"PF_INVESTOR_NAME";"PLCHLDR_000197";"$(relatedRecord : investor|investor_name|Investors)$";"";"PortfolioPurchases"
"62816";"CASEID";"PLCHLDR_000198";"$(record : case_id)$";"";"Cases"
"63200";"CORPORATE_REPRESENTATIVE";"PLCHLDR_000199";"$(record : corporate_representative)$";"";"Cases"
"63201";"ENGINEER";"PLCHLDR_000200";"$(record : engineer)$";"";"Cases"
"63202";"INSURANCE_EXPERT";"PLCHLDR_000201";"$(record : insurance_expert)$";"";"Cases"
"63203";"PRICING_EXPERT";"PLCHLDR_000202";"$(record : pricing_expert)$";"";"Cases"
"63204";"PUBLIC_ADJUSTER";"PLCHLDR_000203";"$(record : public_adjuster)$";"";"Cases"
"63205";"INDOOR_ENVIRONMENTAL_PROFESSIONAL";"PLCHLDR_000204";"$(record : indoor_environmental_professio)$";"";"Cases"
"63206";"INSPECTOR";"PLCHLDR_000205";"$(record : inspector)$";"";"Cases"
"63207";"CORPORATE_REPRESENTATIVE";"PLCHLDR_000206";"$(record : corporate_representative)$";"";"Providers"
"63208";"ENGINEER";"PLCHLDR_000207";"$(record : engineer)$";"";"Providers"
"63209";"INSURANCE_EXPERT";"PLCHLDR_000208";"$(record : insurance_expert)$";"";"Providers"
"63210";"PRICING_EXPERT";"PLCHLDR_000209";"$(record : pricing_expert)$";"";"Providers"
"63211";"PUBLIC_ADJUSTER";"PLCHLDR_000210";"$(record : public_adjuster)$";"";"Providers"
"63212";"INDOOR_ENVIRONMENTAL_PROFESSIONAL";"PLCHLDR_000211";"$(record : indoor_environmental_professio)$";"";"Providers"
"63213";"INSPECTOR";"PLCHLDR_000212";"$(record : inspector)$";"";"Providers"
"63584";"PF_WIRE_FEES";"PLCHLDR_000214";"$(record : wire_fees)$";"";"PortfolioPurchases"
"152184";"PROVIDER_INVESTOR";"PLCHLDR_000215";"$(record : investor)$";"";"Providers"
"156539";"PURCHASE_ADDENDUM_DATE";"PLCHLDR_000216";"$(record : addendum_date|format=F j, Y)$";"";"PortfolioPurchases"
"166148";"PROVIDER_STATE";"PLCHLDR_000217";"$(record : state)$";"";"Providers"
"166149";"PROVIDER_APPLICABLE_STATES";"PLCHLDR_000218";"$(record : applicable_states)$";"";"Providers"
"168425";"PA_EMAIL";"PLCHLDR_000220";"$(relatedRecord : public_adjuster|email|Adjusters)$";"Email Address";"Cases"
"168441";"PUBLIC_ADJUSTER_EMAIL";"PLCHLDR_000222";"$(relatedRecord : public_adjuster|email|Adjusters)$";"Email Address";"Cases"
"168456";"PA_PHONE";"PLCHLDR_000223";"$(relatedRecord : public_adjuster|phone|Adjusters)$ $(relatedRecord : public_adjuster|phone_extra|Adjusters)$";"";"Cases"
"168457";"PUBLIC_ADJUSTER_PHONE";"PLCHLDR_000224";"$(relatedRecord : public_adjuster|phone|Adjusters)$ $(relatedRecord : public_adjuster|phone_extra|Adjusters)$";"";"Cases"
"168458";"PA_FAX";"PLCHLDR_000225";"$(relatedRecord : public_adjuster|fax|Adjusters)$";"";"Cases"
"168459";"PUBLIC_ADJUSTER_FAX";"PLCHLDR_000226";"$(relatedRecord : public_adjuster|fax|Adjusters)$";"";"Cases"
"168460";"PA_NAME";"PLCHLDR_000227";"$(relatedRecord : public_adjuster|adjuster_name|Adjusters)$";"";"Cases"
"168461";"PUBLIC_ADJUSTER_NAME";"PLCHLDR_000228";"$(relatedRecord : public_adjuster|adjuster_name|Adjusters)$";"";"Cases"
"168462";"PA";"PLCHLDR_000229";"$(record : public_adjuster)$";"";"Cases"
"168483";"PROVIDER_EMAIL";"PLCHLDR_000230";"$(relatedRecord : provider|email|Providers)$";"Email Address";"Cases"
"168896";"depositions@flinslaw.com";"PLCHLDR_000231";"Depositions@flinslaw.com";"Email Address";"Cases"
"169050";"NEW_PROVIDER_DISTRIBUTION_LIST";"PLCHLDR_000234";"akutowska.kutowska@dotsystems.pl";"Email Address";"Providers"
"169063";"DOCUMENT_ACCEPTED_REJECTED_DISTR_LIST";"PLCHLDR_000235";"akutowska@dotsystems.pl";"Email Address";"Providers"
"169335";"intake@flinslaw.com";"PLCHLDR_000236";"INTAKE";"Email Address";"Cases"
"169446";"Jesse@claimpay.net";"PLCHLDR_000237";"Jesse@claimpay.net";"";"Cases"
"171144";"CASE_ID";"PLCHLDR_000238";"$(relatedRecord : case|case_id|Cases)$";"";"Documents"
"172967";"ROBERT_GONZALES";"PLCHLDR_000239";"akutowska.kutowska@dotsystems.pl";"Email Address";"Cases"
"173053";"PROVIDER_SUITNAME2";"PLCHLDR_000240";"$(relatedRecord : provider_2|provider_name|Providers)$";"";"Cases"
"173054";"PROVIDER_SUITNAME3";"PLCHLDR_000241";"$(relatedRecord : provider_3|provider_name|Providers)$";"";"Cases"
"176024";"PROVIDER_SUITNAME4";"PLCHLDR_000243";"$(relatedRecord : provider_4|provider_name|Providers)$";"";"Cases"
"176028";"PROVIDER_SUITNAME5";"PLCHLDR_000244";"$(relatedRecord : provider_5|provider_name|Providers)$";"";"Cases"
"176137";"TOTAL_BALANCE_AMOUNT";"PLCHLDR_000245";"$(record : total_balance)$";"";"Cases"
"176365";"PFS_AMOUNT";"PLCHLDR_000246";"$(record : pfs_amount)$";"";"Cases"
"177542";"PROVIDER_EMAIL";"PLCHLDR_000247";"$(relatedRecord : provider|email|Providers)$";"Email Address";"PortfolioPurchases"
"178175";"PROVIDER_EMAIL";"PLCHLDR_000248";"$(relatedRecord : provider|email|Providers)$";"Email Address";"Claims"
"178296";"PROVIDER_EMAIL";"PLCHLDR_000249";"$(relatedRecord : provider|email|Providers)$";"Email Address";"Portfolios"
"178443";"CASE_MANAGER";"PLCHLDR_000250";"$(relatedRecord : case_manager|first_name|Users)$Â $(relatedRecord : case_manager|last_name|Users)$";"";"Cases"
"203162";"OPPOSING_COUNSEL_EMAILS";"PLCHLDR_000253";"$(relatedRecord : opposing_counsel|emails_text|Attorneys)$";"Email Address";"Cases"
"205804";"INSURANCE_EMAIL";"PLCHLDR_000254";"$(relatedRecord : insurance_company|email|InsuranceCompanies)$";"Email Address";"Cases"
"205825";"DEMAND_AMOUNT";"PLCHLDR_000255";"$(record : global_demand)$";"";"Cases"
"213202";"MORTGAGECO_NAME";"PLCHLDR_000256";"$(record : mortgage_company)$";"";"Cases"
"213203";"MORTGAGECO_STREET";"PLCHLDR_000257";"$(relatedRecord : mortgage_company|street|MortgageCompanies)$";"";"Cases"
"213204";"MORTGAGECO_CITY";"PLCHLDR_000258";"$(relatedRecord : mortgage_company|city|MortgageCompanies)$";"";"Cases"
"213205";"MORTGAGECO_STATE";"PLCHLDR_000259";"$(relatedRecord : mortgage_company|state|MortgageCompanies)$";"";"Cases"
"213206";"MORTGAGECO_ZIP";"PLCHLDR_000260";"$(relatedRecord : mortgage_company|zip|MortgageCompanies)$";"";"Cases"
"213515";"CASE_MANAGER_EMAIL";"PLCHLDR_000261";"$(relatedRecord : case_manager|email1|Users)$";"Email Address";"Cases"
"226097";"Batch_Error_Resipients_Claim_Management";"PLCHLDR_000262";"akutowska@dotsystems.pl";"Email Address";"BatchErrors"
"226098";"Batch_Error_Resipients_Litigation";"PLCHLDR_000263";"agnieszka.kutowska@gmail.com";"Email Address";"BatchErrors"
"246873";"INSURANCE_EMAIL_2";"PLCHLDR_000266";"$(coalesce : "record : insurance_company_email","LBL_INTAKE_EMAIL")$";"Email Address";"Cases"
"290443";"CLIENT_EMAIL_or_intake@flinslaw.com";"PLCHLDR_000267";"$(coalesce : "relatedRecord : insured|e_mail|Insureds","translate : Placeholders|LBL_INTAKE_EMAIL")$";"Email Address";"Cases"
"292901";"CLIENT_EMAIL_or_intake@flinslaw.com_ver2";"PLCHLDR_000268";"$(coalesce : "relatedRecord : insured|e_mail|Insureds","translate : akutowska@dotsystems.pl")$";"Email Address";"Cases"
"292994";"HO_ATTORNEY_NAME";"PLCHLDR_000269";"$(record : ho_attorney)$";"";"OutsideCases"
"295937";"FILE_NAME";"PLCHLDR_000270";"$(record : filename)$";"";"Documents"
"307397";"INSURANCE_COMPANY";"PLCHLDR_000271";"$(relatedRecord : insurance_company|insurance_company_name|InsuranceCompanies)$";"";"Documents"
"352358";"ATTORNEY_EMAIL";"PLCHLDR_000272";"$(record : email)$";"Email Address";"Attorneys"
"354485";"LEAD_EMAIL";"PLCHLDR_000273";"$(record : email)$";"Email Address";"LeadsDOT"
"354501";"PROVIDER_EMAIL";"PLCHLDR_000274";"$(record : email)$";"Email Address";"Providers"
"355118";"LAWFIRM_EMAIL";"PLCHLDR_000275";"$(record : email)$";"Email Address";"LawFirms"
"356133";"PROVIDER_SEC_EMAIL";"PLCHLDR_000276";"$(record : secondary_email)$";"Email Address";"Providers"
"356227";"ClaimPay";"PLCHLDR_000277";"akutowska@dotsystems.pl";"Email Address";"Providers"
"357117";"ACCIDENT_DATE";"PLCHLDR_000278";"$(record : date_of_loss|format=F j, Y)$";"";"TexasCases"
"357118";"ADJUSTER_EMAIL";"PLCHLDR_000279";"$(relatedRecord : adjuster|email|Adjusters)$";"Email Address";"TexasCases"
"357119";"ADJUSTER_FAX";"PLCHLDR_000280";"$(relatedRecord : adjuster|fax|Adjusters)$";"";"TexasCases"
"357120";"ADJUSTER_NAME";"PLCHLDR_000281";"$(relatedRecord : adjuster|adjuster_name|Adjusters)$";"";"TexasCases"
"357121";"ADJUSTER_PHONE";"PLCHLDR_000282";"$(relatedRecord : adjuster|phone|Adjusters)$ $(relatedRecord : adjuster|phone_extra|Adjusters)$";"";"TexasCases"
"357122";"ATTORNEY_ADDRESS";"PLCHLDR_000283";"$(relatedRecord : attorney|street|Attorneys)$";"";"TexasCases"
"357123";"ATTORNEY_CITY";"PLCHLDR_000284";"$(relatedRecord : attorney|city|Attorneys)$";"";"TexasCases"
"357124";"ATTORNEY_EMAIL";"PLCHLDR_000285";"$(relatedRecord : attorney|email|Attorneys)$";"Email Address";"TexasCases"
"357125";"ATTORNEY_FAX";"PLCHLDR_000286";"$(relatedRecord : attorney|fax|Attorneys)$";"";"TexasCases"
"357126";"ATTORNEY_FIRSTNAME";"PLCHLDR_000287";"$(relatedRecord : attorney|first_name|Attorneys)$";"";"TexasCases"
"357127";"ATTORNEY_LASTNAME";"PLCHLDR_000288";"$(relatedRecord : attorney|last_name|Attorneys)$";"";"TexasCases"
"357128";"ATTORNEY_NAME";"PLCHLDR_000289";"$(relatedRecord : attorney|attorney_name|Attorneys)$";"";"TexasCases"
"357129";"ATTORNEY_PHONE";"PLCHLDR_000290";"$(relatedRecord : attorney|phone|Attorneys)$";"";"TexasCases"
"357130";"ATTORNEY_STATE";"PLCHLDR_000291";"$(relatedRecord : attorney|state|Attorneys)$";"";"TexasCases"
"357131";"ATTORNEY_ZIP";"PLCHLDR_000292";"$(relatedRecord : attorney|zip|Attorneys)$";"";"TexasCases"
"357132";"BALANCE_AMOUNT";"PLCHLDR_000293";"$(record : total_balance)$";"";"TexasCases"
"357133";"CASE_ID";"PLCHLDR_000294";"$(record : case_id)$";"";"TexasCases"
"357134";"CLAIM_AMOUNT";"PLCHLDR_000295";"$(record : total_bill_amount)$";"";"TexasCases"
"357135";"CLIENT_BILLING_ADDRESS";"PLCHLDR_000296";"$(relatedRecord : insured|street|Insureds)$";"";"TexasCases"
"357136";"CLIENT_BILLING_CITY";"PLCHLDR_000297";"$(relatedRecord : insured|city|Insureds)$";"";"TexasCases"
"357137";"CLIENT_BILLING_PHONE";"PLCHLDR_000298";"$(relatedRecord : insured|phone|Insureds)$ $(relatedRecord : insured|phone_extra|Insureds)$";"";"TexasCases"
"357138";"CLIENT_BILLING_STATE";"PLCHLDR_000299";"$(relatedRecord : insured|state|Insureds)$";"";"TexasCases"
"357139";"CLIENT_BILLING_ZIP";"PLCHLDR_000300";"$(relatedRecord : insured|zip|Insureds)$";"";"TexasCases"
"357140";"CLIENT_EMAIL";"PLCHLDR_000301";"$(relatedRecord : insured|e_mail|Insureds)$";"Email Address";"TexasCases"
"357141";"CLIENT_FIRST_NAME";"PLCHLDR_000302";"$(relatedRecord : insured|insured1_first_name|Insureds)$";"";"TexasCases"
"357142";"CLIENT_LAST_NAME";"PLCHLDR_000303";"$(relatedRecord : insured|insured1_last_name|Insureds)$";"";"TexasCases"
"357143";"CLIENT_NAME";"PLCHLDR_000304";"$(record : insured)$";"";"TexasCases"
"357144";"CORPORATE_REP";"PLCHLDR_000305";"$(record : ps_corporate_rep)$";"";"TexasCases"
"357145";"COURT_ADDRESS";"PLCHLDR_000306";"$(relatedRecord : court|street|Courts)$";"";"TexasCases"
"357146";"COURT_CITY";"PLCHLDR_000307";"$(relatedRecord : court|city|Courts)$";"";"TexasCases"
"357147";"COURT_COUNTY";"PLCHLDR_000308";"$(relatedRecordLevel : court|Courts|county|county|Counties)$";"";"TexasCases"
"357148";"COURT_NAME";"PLCHLDR_000309";"$(relatedRecord : court|court_name|Courts)$";"";"TexasCases"
"357149";"DEFENDANT_NAME";"PLCHLDR_000310";"$(record : opposing_counsel)$";"";"TexasCases"
"357150";"DOS_END";"PLCHLDR_000311";"$(record : date_of_service|format=F j, Y)$";"";"TexasCases"
"357151";"DOS_START";"PLCHLDR_000312";"$(record : date_of_service|format=F j, Y)$";"";"TexasCases"
"357152";"INDEXORAAA_NUMBER";"PLCHLDR_000313";"$(record : case_number)$";"";"TexasCases"
"357153";"INJUREDPARTY_FIRSTNAME";"PLCHLDR_000314";"$(relatedRecord : insured|insured1_first_name|Insureds)$";"";"TexasCases"
"357154";"INJUREDPARTY_FULL_ADDRESS";"PLCHLDR_000315";"$(relatedRecord : insured|street|Insureds)$ $(relatedRecord : insured|city|Insureds)$ $(relatedRecord : insured|state|Insureds)$ $(relatedRecord : insured|zip|Insureds)$";"";"TexasCases"
"357155";"INJUREDPARTY_LASTNAME";"PLCHLDR_000316";"$(relatedRecord : insured|insured1_last_name|Insureds)$";"";"TexasCases"
"357156";"INJUREDPARTY_NAME";"PLCHLDR_000317";"$(record : insured)$";"";"TexasCases"
"357157";"INS_CLAIM_NUMBER";"PLCHLDR_000318";"$(record : claim_number)$";"";"TexasCases"
"357158";"INSURANCECOMPANY_LOCAL_ADDRESS";"PLCHLDR_000319";"$(relatedRecord : insurance_company|street|InsuranceCompanies)$";"";"TexasCases"
"357159";"INSURANCECOMPANY_LOCAL_CITY";"PLCHLDR_000320";"$(relatedRecord : insurance_company|city|InsuranceCompanies)$";"";"TexasCases"
"357160";"INSURANCECOMPANY_LOCAL_PHONE";"PLCHLDR_000321";"$(relatedRecord : insurance_company|phone|InsuranceCompanies)$ $(relatedRecord : insurance_company|phone_extra|InsuranceCompanies)$";"";"TexasCases"
"357161";"INSURANCECOMPANY_LOCAL_STATE";"PLCHLDR_000322";"$(relatedRecord : insurance_company|state|InsuranceCompanies)$";"";"TexasCases"
"357162";"INSURANCECOMPANY_LOCAL_ZIP";"PLCHLDR_000323";"$(relatedRecord : insurance_company|zip|InsuranceCompanies)$";"";"TexasCases"
"357163";"INSURANCECOMPANY_NAME";"PLCHLDR_000324";"$(relatedRecord : insurance_company|insurance_company_name|InsuranceCompanies)$";"";"TexasCases"
"357164";"INSURANCECOMPANY_PERM_ADDRESS";"PLCHLDR_000325";"$(relatedRecord : insurance_company|street|InsuranceCompanies)$";"";"TexasCases"
"357165";"INSURANCECOMPANY_PERM_CITY";"PLCHLDR_000326";"$(relatedRecord : insurance_company|city|InsuranceCompanies)$";"";"TexasCases"
"357166";"INSURANCECOMPANY_PERM_PHONE";"PLCHLDR_000327";"$(relatedRecord : insurance_company|phone|InsuranceCompanies)$ $(relatedRecord : insurance_company|phone_extra|InsuranceCompanies)$";"";"TexasCases"
"357167";"INSURANCECOMPANY_PERM_STATE";"PLCHLDR_000328";"$(relatedRecord : insurance_company|state|InsuranceCompanies)$";"";"TexasCases"
"357168";"INSURANCECOMPANY_PERM_ZIP";"PLCHLDR_000329";"$(relatedRecord : insurance_company|zip|InsuranceCompanies)$";"";"TexasCases"
"357169";"INSURANCECOMPANY_SUITNAME";"PLCHLDR_000330";"$(relatedRecord : insurance_company|insurance_company_name|InsuranceCompanies)$";"";"TexasCases"
"357170";"INSUREDPARTY_ADDRESS";"PLCHLDR_000331";"$(relatedRecord : insured|street|Insureds)$ $(relatedRecord : insured|city|Insureds)$ $(relatedRecord : insured|state|Insureds)$ $(relatedRecord : insured|zip|Insureds)$";"";"TexasCases"
"357171";"JUDGE_NAME";"PLCHLDR_000332";"$(relatedRecord : judge|judge_name|Judges)$";"";"TexasCases"
"357172";"LAWFIRMNAME";"PLCHLDR_000333";"$(relatedRecord : attorney|law_firm_name|Attorneys)$";"";"TexasCases"
"357173";"MOTION_HEARING_DATE_TIME";"PLCHLDR_000334";"$(record : next_hearing_date|format=F j, Y)$";"";"TexasCases"
"357174";"NOWDT";"PLCHLDR_000335";"$(general : CurrentDate|format=F j, Y)$";"";"TexasCases"
"357175";"OPPOSING_COUNSEL_ADDRESS";"PLCHLDR_000336";"$(relatedRecord : opposing_counsel|street|Attorneys)$";"";"TexasCases"
"357176";"OPPOSING_COUNSEL_ATTORNEY_BAR_NUMBER";"PLCHLDR_000337";"$(relatedRecord : opposing_counsel|attorney_bar_number|Attorneys)$";"";"TexasCases"
"357177";"OPPOSING_COUNSEL_CITY";"PLCHLDR_000338";"$(relatedRecord : opposing_counsel|city|Attorneys)$";"";"TexasCases"
"357178";"OPPOSING_COUNSEL_EMAIL";"PLCHLDR_000339";"$(relatedRecord : opposing_counsel|email|Attorneys)$";"Email Address";"TexasCases"
"357179";"OPPOSING_COUNSEL_FAX";"PLCHLDR_000340";"$(relatedRecord : opposing_counsel|fax|Attorneys)$";"";"TexasCases"
"357180";"OPPOSING_COUNSEL_LAWFIRM";"PLCHLDR_000341";"$(relatedRecord : opposing_counsel|law_firm_name|Attorneys)$";"";"TexasCases"
"357181";"OPPOSING_COUNSEL_NAME";"PLCHLDR_000342";"$(relatedRecord : opposing_counsel|first_name|Attorneys)$ $(relatedRecord : opposing_counsel|last_name|Attorneys)$";"";"TexasCases"
"357182";"OPPOSING_COUNSEL_PHONE";"PLCHLDR_000343";"$(relatedRecord : opposing_counsel|phone|Attorneys)$ $(relatedRecord : opposing_counsel|phone_extra|Attorneys)$";"";"TexasCases"
"357183";"OPPOSING_COUNSEL_STATE";"PLCHLDR_000344";"$(relatedRecord : opposing_counsel|state|Attorneys)$";"";"TexasCases"
"357184";"OPPOSING_COUNSEL_ZIP";"PLCHLDR_000345";"$(relatedRecord : opposing_counsel|zip|Attorneys)$";"";"TexasCases"
"357185";"PACKET_OR_CASE_ID";"PLCHLDR_000346";"$(record : case_id)$";"";"TexasCases"
"357186";"PAID_AMOUNT";"PLCHLDR_000347";"$(record : total_collections)$";"";"TexasCases"
"357187";"PLAINTIFF_ATTORNEY_ADDRESS";"PLCHLDR_000348";"$(relatedRecord : attorney|street|Attorneys)$";"";"TexasCases"
"357188";"PLAINTIFF_ATTORNEY_BAR_NUMBER";"PLCHLDR_000349";"$(relatedRecord : attorney|attorney_bar_number|Attorneys)$";"";"TexasCases"
"357189";"PLAINTIFF_ATTORNEY_CITY";"PLCHLDR_000350";"$(relatedRecord : attorney|city|Attorneys)$";"";"TexasCases"
"357190";"PLAINTIFF_ATTORNEY_EMAIL";"PLCHLDR_000351";"$(relatedRecord : attorney|email|Attorneys)$";"Email Address";"TexasCases"
"357191";"PLAINTIFF_ATTORNEY_FAX";"PLCHLDR_000352";"$(relatedRecord : attorney|fax|Attorneys)$";"";"TexasCases"
"357192";"PLAINTIFF_ATTORNEY_LAWFIRM";"PLCHLDR_000353";"$(relatedRecord : attorney|law_firm_name|Attorneys)$";"";"TexasCases"
"357193";"PLAINTIFF_ATTORNEY_NAME";"PLCHLDR_000354";"$(relatedRecord : attorney|first_name|Attorneys)$ $(relatedRecord : attorney|last_name|Attorneys)$";"";"TexasCases"
"357194";"PLAINTIFF_ATTORNEY_PHONE";"PLCHLDR_000355";"$(relatedRecord : attorney|phone|Attorneys)$ $(relatedRecord : attorney|phone_extra|Attorneys)$";"";"TexasCases"
"357195";"PLAINTIFF_ATTORNEY_STATE";"PLCHLDR_000356";"$(relatedRecord : attorney|state|Attorneys)$";"";"TexasCases"
"357196";"PLAINTIFF_ATTORNEY_ZIP";"PLCHLDR_000357";"$(relatedRecord : attorney|zip|Attorneys)$";"";"TexasCases"
"357197";"POLICY_NUMBER";"PLCHLDR_000358";"$(record : policy_number)$";"";"TexasCases"
"357198";"PROVIDER_BILLING";"PLCHLDR_000359";"$(relatedRecord : provider|tax_id|Providers)$";"";"TexasCases"
"357199";"PROVIDER_LOCAL_ADDRESS";"PLCHLDR_000360";"$(relatedRecord : provider|street|Providers)$";"";"TexasCases"
"357200";"PROVIDER_LOCAL_CITY";"PLCHLDR_000361";"$(relatedRecord : provider|city|Providers)$";"";"TexasCases"
"357201";"PROVIDER_LOCAL_STATE";"PLCHLDR_000362";"$(relatedRecord : provider|state|Providers)$";"";"TexasCases"
"357202";"PROVIDER_LOCAL_ZIP";"PLCHLDR_000363";"$(relatedRecord : provider|zip|Providers)$";"";"TexasCases"
"357203";"PROVIDER_PERM_ADDRESS";"PLCHLDR_000364";"$(relatedRecord : provider|street|Providers)$";"";"TexasCases"
"357204";"PROVIDER_PERM_CITY";"PLCHLDR_000365";"$(relatedRecord : provider|city|Providers)$";"";"TexasCases"
"357205";"PROVIDER_PERM_STATE";"PLCHLDR_000366";"$(relatedRecord : provider|state|Providers)$";"";"TexasCases"
"357206";"PROVIDER_PERM_ZIP";"PLCHLDR_000367";"$(relatedRecord : provider|zip|Providers)$";"";"TexasCases"
"357207";"PROVIDER_SUITNAME";"PLCHLDR_000368";"$(relatedRecord : provider|provider_name|Providers)$";"";"TexasCases"
"357208";"PROVIDER_TAXID";"PLCHLDR_000369";"$(relatedRecord : provider|tax_id|Providers)$";"";"TexasCases"
"357209";"SETTLEMENT_AF";"PLCHLDR_000370";"$(record : settlement_af)$";"";"TexasCases"
"357210";"SETTLEMENT_AMOUNT";"PLCHLDR_000371";"$(record : settlement_amount)$";"";"TexasCases"
"357211";"SETTLEMENT_CONFERENCE_DATE";"PLCHLDR_000372";"$(record : pretrial_conf_date|format=F j, Y)$";"";"TexasCases"
"357212";"SETTLEMENT_DATE";"PLCHLDR_000373";"$(record : settlement_date|format=F j, Y)$";"";"TexasCases"
"357213";"SETTLEMENT_FF";"PLCHLDR_000374";"$(record : sett_ff)$";"";"TexasCases"
"357214";"SETTLEMENT_INT";"PLCHLDR_000375";"$(record : interest_amount_settled)$";"";"TexasCases"
"357215";"SETTLEMENT_TOTAL";"PLCHLDR_000376";"$(record : settlement_amount)$";"";"TexasCases"
"357216";"TODAY_DATE";"PLCHLDR_000377";"$(general : CurrentDate|format=F j, Y)$";"";"TexasCases"
"357217";"TRANSACTIONS_AMOUNT_AF";"PLCHLDR_000378";"$(record : attorney_fee)$";"";"TexasCases"
"357218";"TRANSACTIONS_AMOUNT_COLLECTED";"PLCHLDR_000379";"$(record : total_collections)$";"";"TexasCases"
"357219";"TRANSACTIONS_AMOUNT_INT";"PLCHLDR_000380";"$(record : interest_amount_settled)$";"";"TexasCases"
"357220";"CAUSE_OF_LOSS";"PLCHLDR_000381";"$(record : cause_of_loss)$";"";"TexasCases"
"357221";"PTC_DATE";"PLCHLDR_000382";"$(record : pretrial_conf_date|format=F j, Y)$";"";"TexasCases"
"357222";"SERVICE_TYPE";"PLCHLDR_000383";"$(record : types_of_services)$";"";"TexasCases"
"357223";"CASEID";"PLCHLDR_000384";"$(record : case_id)$";"";"TexasCases"
"357224";"CORPORATE_REPRESENTATIVE";"PLCHLDR_000385";"$(record : corporate_representative)$";"";"TexasCases"
"357225";"ENGINEER";"PLCHLDR_000386";"$(record : engineer)$";"";"TexasCases"
"357226";"INSURANCE_EXPERT";"PLCHLDR_000387";"$(record : insurance_expert)$";"";"TexasCases"
"357227";"PRICING_EXPERT";"PLCHLDR_000388";"$(record : pricing_expert)$";"";"TexasCases"
"357228";"PUBLIC_ADJUSTER";"PLCHLDR_000389";"$(record : public_adjuster)$";"";"TexasCases"
"357229";"INDOOR_ENVIRONMENTAL_PROFESSIONAL";"PLCHLDR_000390";"$(record : indoor_environmental_professio)$";"";"TexasCases"
"357230";"INSPECTOR";"PLCHLDR_000391";"$(record : inspector)$";"";"TexasCases"
"357231";"PA_EMAIL";"PLCHLDR_000392";"$(relatedRecord : public_adjuster|email|Adjusters)$";"Email Address";"TexasCases"
"357232";"PUBLIC_ADJUSTER_EMAIL";"PLCHLDR_000393";"$(relatedRecord : public_adjuster|email|Adjusters)$";"Email Address";"TexasCases"
"357233";"PA_PHONE";"PLCHLDR_000394";"$(relatedRecord : public_adjuster|phone|Adjusters)$ $(relatedRecord : public_adjuster|phone_extra|Adjusters)$";"";"TexasCases"
"357234";"PUBLIC_ADJUSTER_PHONE";"PLCHLDR_000395";"$(relatedRecord : public_adjuster|phone|Adjusters)$ $(relatedRecord : public_adjuster|phone_extra|Adjusters)$";"";"TexasCases"
"357235";"PA_FAX";"PLCHLDR_000396";"$(relatedRecord : public_adjuster|fax|Adjusters)$";"";"TexasCases"
"357236";"PUBLIC_ADJUSTER_FAX";"PLCHLDR_000397";"$(relatedRecord : public_adjuster|fax|Adjusters)$";"";"TexasCases"
"357237";"PA_NAME";"PLCHLDR_000398";"$(relatedRecord : public_adjuster|adjuster_name|Adjusters)$";"";"TexasCases"
"357238";"PUBLIC_ADJUSTER_NAME";"PLCHLDR_000399";"$(relatedRecord : public_adjuster|adjuster_name|Adjusters)$";"";"TexasCases"
"357239";"PA";"PLCHLDR_000400";"$(record : public_adjuster)$";"";"TexasCases"
"357240";"PROVIDER_EMAIL";"PLCHLDR_000401";"$(relatedRecord : provider|email|Providers)$";"Email Address";"TexasCases"
"357241";"depositions@flinslaw.com";"PLCHLDR_000402";"Depositions@flinslaw.com";"Email Address";"TexasCases"
"357242";"CASE_NUMBER";"PLCHLDR_000403";"$(record : case_number)$";"";"TexasCases"
"357243";"intake@flinslaw.com";"PLCHLDR_000404";"INTAKE";"Email Address";"TexasCases"
"357244";"Jesse@claimpay.net";"PLCHLDR_000405";"Jesse@claimpay.net";"";"TexasCases"
"357245";"claim_balance";"PLCHLDR_000406";"$(record : ls_claim_balance)$";"";"TexasCases"
"357246";"ROBERT_GONZALES";"PLCHLDR_000407";"robert@flinslaw.com";"Email Address";"TexasCases"
"357247";"PROVIDER_SUITNAME2";"PLCHLDR_000408";"$(relatedRecord : provider_2|provider_name|Providers)$";"";"TexasCases"
"357248";"PROVIDER_SUITNAME3";"PLCHLDR_000409";"$(relatedRecord : provider_3|provider_name|Providers)$";"";"TexasCases"
"357249";"PROVIDER_SUITNAME4";"PLCHLDR_000410";"$(relatedRecord : provider_4|provider_name|Providers)$";"";"TexasCases"
"357250";"PROVIDER_SUITNAME5";"PLCHLDR_000411";"$(relatedRecord : provider_5|provider_name|Providers)$";"";"TexasCases"
"357251";"Paloma Najarro";"PLCHLDR_000412";"paloma@flinslaw.com";"Email Address";"TexasCases"
"357252";"TOTAL_BALANCE_AMOUNT";"PLCHLDR_000413";"$(record : total_balance)$";"";"TexasCases"
"357253";"PFS_AMOUNT";"PLCHLDR_000414";"$(record : pfs_amount)$";"";"TexasCases"
"357254";"INSURANCE_EMAIL";"PLCHLDR_000415";"$(relatedRecord : insurance_company|email|InsuranceCompanies)$";"Email Address";"TexasCases"
"357255";"CASE_MANAGER_EMAIL";"PLCHLDR_000416";"$(relatedRecord : case_manager|email1|Users)$";"Email Address";"TexasCases"
"357256";"CASE_MANAGER";"PLCHLDR_000417";"$(relatedRecord : case_manager|first_name|Users)$ $(relatedRecord : case_manager|last_name|Users)$ $(relatedRecord : case_manager|email1|Users)$";"";"TexasCases"
"357257";"PROVIDER_SUITNAME";"PLCHLDR_000418";"$(relatedRecord : provider|provider_name|Providers)$";"";"TexasCases"
"357258";"OPPOSING_COUNSEL_EMAILS";"PLCHLDR_000419";"$(relatedRecord : opposing_counsel|emails_text|Attorneys)$";"Email Address";"TexasCases"
"357259";"FIGA Claim Inquiry EMAIL";"PLCHLDR_000420";"nclaim@agfgroup.org";"Email Address";"TexasCases"
"357260";"Anthony Email";"PLCHLDR_000421";"anthony@flinslaw.com";"Email Address";"TexasCases"
"357261";"INSURED_NAME";"PLCHLDR_000422";"$(record : insured)$";"";"TexasCases"
"357262";"CASEMANAGER_PHONE";"PLCHLDR_000423";"$(relatedRecord : case_manager|primary_phone|Users)$";"";"TexasCases"
"357263";"DEMAND_AMOUNT";"PLCHLDR_000424";"$(record : global_demand)$";"";"TexasCases"
"357264";"OC_ALL_EMAILS";"PLCHLDR_000425";"$(relatedRecord : opposing_counsel|emails_text|Attorneys)$";"Email Address";"TexasCases"
"357265";"MORTGAGECO_NAME";"PLCHLDR_000426";"$(record : mortgage_company)$";"";"TexasCases"
"357266";"MORTGAGECO_STREET";"PLCHLDR_000427";"$(relatedRecord : mortgage_company|street|MortgageCompanies)$";"";"TexasCases"
"357267";"MORTGAGECO_CITY";"PLCHLDR_000428";"$(relatedRecord : mortgage_company|city|MortgageCompanies)$";"";"TexasCases"
"357268";"MORTGAGECO_STATE";"PLCHLDR_000429";"$(relatedRecord : mortgage_company|state|MortgageCompanies)$";"";"TexasCases"
"357269";"MORTGAGECO_ZIP";"PLCHLDR_000430";"$(relatedRecord : mortgage_company|zip|MortgageCompanies)$";"";"TexasCases"
"357270";"DOL";"PLCHLDR_000431";"$(record : date_of_loss)$";"";"TexasCases"
"357271";"PROVIDER_CR";"PLCHLDR_000432";"$(relatedRecord : provider|contact_person|Providers)$";"";"TexasCases"
"357272";"CLAIM_NUMBER";"PLCHLDR_000433";"$(record : claim_number)$";"";"TexasCases"
"357273";"PROPERTY_ADDRESS";"PLCHLDR_000434";"$(record : insureds_address)$";"";"TexasCases"
"357274";"AOB_DATE";"PLCHLDR_000435";"$(record : date_of_service)$";"";"TexasCases"
"357275";"Sol Llallico";"PLCHLDR_000436";"Sol@flinslaw.com";"Email Address";"TexasCases"
"357276";"CLIENT_PHONE";"PLCHLDR_000437";"$(relatedRecord : insured|phone|Insureds)$";"";"TexasCases"
"357277";"SETTLER_EMAIL";"PLCHLDR_000438";"$(relatedRecord : settler|email1|Users)$";"Email Address";"TexasCases"
"357278";"SCHEDULING";"PLCHLDR_000439";"scheduling@flinslaw.com";"Email Address";"TexasCases"
"357279";"INSURED_EMAIL";"PLCHLDR_000440";"$(relatedRecord : insured|e_mail|Insureds)$";"Email Address";"TexasCases"
"357280";"CLIENT_EMAIL_or_intake@flinslaw.com";"PLCHLDR_000441";"$(coalesce : "relatedRecord : insured|e_mail|Insureds","translate : intake@flinslaw.com")$";"Email Address";"TexasCases"
"357281";"Kely";"PLCHLDR_000442";"kely@flinslaw.com";"Email Address";"TexasCases"
"357514";"INVESTOR_EMAIL";"PLCHLDR_000443";"$(record : e_mail)$";"Email Address";"Investors"
"358751";"LF_PORTAL_USERS_EMAIL";"PLCHLDR_000444";"$(record : lf_portal_users_e_mails)$";"Email Address";"LawFirms"
"359761";"CLAIMS_SUBMITTED_DISTR_LIST";"PLCHLDR_000446";"akutowska@dotsystems.pl, kkobylecki@dotsystems.pl";"Email Address";"Portfolios"
